Latitude,Longitude,Location,Direction
33.778925,-86.42184722,I-59 S,east
32.38362222,-86.32224167,I-65 S,east
33.48348333,-86.82628056,I-65 N,east
32.69008056,-85.31914722,I-85 S,east
33.50529167,-86.81667778,I-65 N,east
33.34139167,-86.90065278,I-459 N,east
33.771425,-86.82873889,I-65 N,east
32.48189167,-88.35272778,I-20 W/I-59 S,east
30.69791944,-88.12425556,I-65 N,east
30.60161667,-87.55499444,I-10 W,east
31.49696111,-86.93175556,I-65 N,east
30.68689722,-88.00650833,I-10 W,east
30.574225,-88.182225,I-10 E,east
33.39449167,-86.784975,I-65 N,east
30.51833056,-88.274825,I-10 W,east
33.68793333,-86.83035833,I-65 S,east
32.73063056,-86.53885556,I-65 S,east
33.64935833,-86.83119444,Route,east
34.430275,-86.89949444,I-65 N,east
33.58510833,-85.90574722,Interstate 20 E,east
33.59628333,-86.80657222,I-65 S,east
33.35436944,-86.853275,I-459 N,east
32.632075,-85.37145,Geneva St/Marvyn Pkwy,east
33.80826389,-86.36053611,I-59 N,east
33.44085278,-86.73163889,I-459 N,east
33.61679722,-86.93745,I-22 W,east
33.61690556,-85.73485833,I-20 W,east
33.57581667,-86.71530278,I-59 N,east
32.55643611,-85.5126,I-85 S,east
31.89738889,-86.59921667,I-65 N,east
33.9458,-86.87004444,Route,east
33.595675,-86.394125,Interstate 20 E,east
33.68397778,-86.53455278,I-59 S,east
33.75902778,-86.47490278,I-59 N,east
30.91035278,-87.97058611,I-65 N,east
33.93691667,-86.86856389,I-65 N,east
34.14507222,-86.86900278,I-65 N,east
32.95978611,-86.67469444,I-65 S,east
33.47655,-86.82788889,I-65 N,east
32.44006667,-86.37498333,I-65 N,east
33.45918333,-86.94649722,Rutledge Dr,east
32.02313056,-86.51496389,I-65 S,east
33.33404167,-86.97223611,I-459 N,east
32.36539167,-86.28309722,I-85 N,east
33.614225,-85.746875,I-20 W,east
33.54538333,-86.7606,I-20 W/I-59 S,east
33.17089444,-87.52903056,I-20 W/I-59 S,east
34.30270278,-86.90771389,I-65 N,east
32.67305,-86.50831667,I-65 S,east
31.14183611,-87.41278333,I-65 S,east
33.54734167,-86.78099444,I-59 N/Interstate 20 E,east
31.31611111,-87.148425,I-65 N,east
34.36460556,-85.80673056,I-59 N,east
32.56824444,-86.46515833,I-65 N,east
32.66995278,-86.50641111,I-65 N,east
33.54326389,-86.60405833,Interstate 20 E,east
32.36149444,-86.18787222,I-85 N,east
33.2138,-87.19646944,I-59 N/Interstate 20 E,east
31.07068889,-87.55313889,I-65 N,east
33.79798056,-86.82470556,I-65 N,east
32.74124444,-86.54565833,I-65 N,east
34.37436389,-85.79966111,I-59 S,east
32.71415,-86.52857778,I-65 N,east
32.48828056,-86.40840278,I-65 N,east
33.52091389,-86.84756667,I-59 N/Interstate 20 E,east
34.10256667,-86.86610833,I-65 N,east
33.58494167,-85.87982778,Interstate 20 E,east
32.75606111,-86.55594722,I-65 N,east
32.64690833,-88.19416389,I-59 N/Interstate 20 E,east
30.62771944,-88.11814167,I-10 W,east
32.80568611,-86.581775,Exit 205,east
33.52028889,-86.85458333,I-59 N/Interstate 20 E,east
33.95068611,-87.60941111,I-22 W,east
31.68330278,-86.75198056,I-65 N,east
32.36536944,-86.28816111,I-85 N,east
33.614525,-85.68545833,Interstate 20 E,east
32.55636667,-85.511575,I-85 N,east
33.49568333,-86.91284444,I-59 N/Interstate 20 E,east
32.90374722,-86.63436389,I-65 N,east
33.06337222,-87.69857778,I-59 N/Interstate 20 E,east
33.77538889,-86.43381667,I-59 N,east
33.52005,-86.8561,I-20 W/I-59 S,east
33.21085833,-87.21523333,I-20 W/I-59 S,east
34.68187778,-86.92318056,I-65 N,east
32.96682222,-86.67944444,I-65 S,east
32.45435278,-88.38988611,I-20 W/I-59 S,east
33.54364167,-86.73855,Interstate 20 E,east
33.18974444,-87.32451111,I-20 W/I-59 S,east
33.141125,-111.86010556,I-10 E,east
31.97836111,-110.2259,I-10 W,east
31.45613889,-110.98515556,Paseo Mascota,east
33.446525,-112.71048333,I-10 E,east
33.64714722,-113.89176944,I-10 E,east
33.62610833,-112.11641667,I-17 N,east
32.22782778,-110.98166389,I-10 W,east
32.30393611,-109.38232778,I-10 W,east
34.67412778,-111.76938889,I-17 S,east
35.22084444,-112.52975278,I-40 E,east
32.35554167,-111.08668889,I-10 E,east
31.96637222,-110.33997778,I-10 W,east
35.28271111,-109.21554444,I-40 E,east
31.78504444,-111.02459722,I-19 S,east
32.69429722,-111.46443611,I-10 W,east
33.64949444,-113.90683056,I-10 W,east
32.36238333,-109.645925,I-10 E,east
35.22201944,-112.29516389,I-40 W,east
32.06315,-110.99276944,I-19 N,east
32.25081944,-109.15058333,I-10 E,east
34.781875,-114.17820833,I-40 E,east
32.00651389,-110.99209444,I-19 N,east
34.97315556,-110.50956111,I-40 W,east
33.45189444,-112.03749444,I-10 E,east
33.42957778,-112.63526667,I-10 E,east
35.20125,-111.4294,I-40 E,east
33.46149722,-112.07696944,I-10 E,east
34.72566667,-114.40436944,I-40 E,east
33.56566944,-113.32943611,I-10 W,east
32.13234444,-110.88573611,I-10 W,east
34.26783889,-112.11142222,I-17 N,east
33.40056111,-111.96758889,I-10 E,east
32.05731389,-110.76665833,I-10 W,east
32.08493333,-110.99302778,I-19 N,east
35.18945556,-111.62630556,I-40 W,east
32.891075,-113.0559,I-8 E,east
32.85944444,-111.68695556,I-10 W,east
35.29480556,-112.82830278,I-40 W,east
32.10940278,-110.99154444,Exit 92,east
33.64818889,-113.90040278,I-10 E,east
32.15243611,-110.98674444,I-19 S,east
34.3154,-112.12417222,I-17 N,east
33.39274444,-111.96741944,W Southern Ave,east
33.57191667,-113.37401944,I-10 E,east
31.98914444,-110.59394444,I-10 E,east
34.53383333,-111.96973611,I-17 S,east
35.27993056,-109.18065833,I-40 E,east
33.51565556,-113.03913056,I-10 W,east
33.52404167,-113.09161111,I-10 E,east
33.087525,-111.81881944,I-10 E,east
33.15223611,-111.86825556,I-10 W,east
35.04194444,-111.68508611,I-17 N,east
35.22326389,-112.32275556,I-40 W,east
33.22536667,-111.92469444,I-10 W,east
32.80663056,-111.66718611,I-10 E,east
35.16040556,-113.61739722,I-40 W,east
33.50436667,-112.97539444,I-10 E,east
32.22773056,-110.981975,I-10 E,east
32.82192778,-111.68465,I-10 E,east
31.98317222,-110.20615278,I-10 W,east
33.55278611,-113.24791944,I-10 E,east
33.22521389,-111.92499722,I-10 E,east
31.99652222,-110.65666667,I-10 E,east
32.99715278,-111.74843889,I-10 E,east
32.86523333,-111.68689167,I-10 W,east
32.32441667,-109.77551944,I-10 E,east
34.53777778,-111.92386111,I-17 N,east
33.46093889,-112.50648611,I-10 W,east
33.44607778,-112.70848611,I-10 E,east
31.378575,-110.95038333,I-19 N,east
35.24981944,-109.28760833,I-40 E,east
33.643825,-113.86426389,I-10 E,east
32.8526,-112.36557222,I-8 E,east
35.15763611,-111.29523611,I-40 E,east
33.60353889,-114.525675,I-10 W,east
34.67512222,-111.76430833,I-17 N,east
32.03489444,-110.10208056,I-10 E,east
33.62655556,-114.42577222,I-10 E,east
32.58919167,-111.33608889,I-10 W,east
34.68483889,-111.74631111,I-17 N,east
31.58184444,-111.05513611,I-19 S,east
33.41074444,-111.97670833,I-10 W,east
32.05370556,-110.76141667,I-10 E,east
31.99696944,-110.63862778,I-10 E,east
34.53671667,-111.919125,I-17 N,east
34.90336111,-111.64184444,I-17 N,east
34.530675,-111.94491944,I-17 N,east
34.16973611,-112.14248611,Route,east
32.723025,-111.51573056,I-10 E,east
31.96333056,-110.36325833,I-10 W,east
35.17047222,-113.52171944,I-40 E,east
31.98744167,-110.58395556,I-10 E,east
32.22603889,-110.98109167,I-10 W,east
33.63312222,-113.78371667,I-10 E,east
32.00378333,-110.14624722,I-10 W,east
32.70031111,-111.47408333,I-10 W,east
35.16154722,-113.54149167,Route,east
33.32005278,-111.97206944,I-10 W,east
33.94025833,-112.14049444,I-17 N,east
33.64773889,-112.11517778,I-17 S,east
33.46204722,-112.15105278,I-10 W,east
33.32278611,-111.97293611,Route,east
33.42724722,-112.04050278,I-17 S,east
32.72924167,-113.73216389,I-8 E,east
33.53801667,-113.158025,I-10 E,east
33.45801944,-112.31503889,I-10 W,east
33.45787778,-112.33428333,I-10 W,east
33.22318056,-111.92300833,I-10 W,east
33.74263333,-112.12358611,I-17 N,east
32.19033333,-110.98095556,I-19 N,east
33.30101389,-111.97186944,I-10 W,east
32.71315,-114.61173889,I-8 E,east
33.60626111,-113.60273333,I-10 E,east
35.01329167,-111.68506944,I-17 S,east
31.97771111,-110.99056389,I-19 S,east
35.18169722,-111.3576,I-40 E,east
34.50450278,-111.99948611,I-17 N,east
34.45811667,-112.03314167,I-17 S,east
32.03853333,-110.73450556,I-10 W,east
32.41920556,-111.15670278,I-10 E,east
35.29759722,-109.13701667,I-40 W,east
31.99422222,-110.61189444,I-10 E,east
32.33425556,-109.76320556,I-10 E,east
35.20643889,-111.506175,I-40 E,east
34.634525,-111.82938611,I-17 N,east
35.21620278,-109.33349444,US-191 N,east
35.34128889,-94.37842778,I-540 N,east
35.49666667,-93.65896111,I-40 E,east
35.15538889,-90.150075,I-40 E,east
35.45346944,-93.46987778,I-40 E,east
34.52876389,-92.67920556,I-30 E,east
34.78976944,-92.07573056,I-40 E,east
34.84991111,-91.34960278,I-40 E,east
34.11702778,-93.09381111,I-30 W,east
35.46577222,-94.37938333,I-40 W,east
34.47458056,-92.73499444,I-30 W,east
35.15515278,-90.14519444,I-40 E,east
34.78001667,-92.24043889,N Hills Blvd,east
34.75386944,-92.39128611,W Markham St,east
34.43740833,-92.78036667,I-30 E,east
35.12396667,-90.53234167,I-40 E,east
34.78286111,-92.14332222,Maybelline Rd,east
33.512375,-93.94378611,Exit 7,east
35.64244167,-90.08900556,Route,east
34.81838333,-91.54199167,I-40 E,east
36.10974444,-94.16783056,Route,east
33.95683333,-93.22390833,I-30 E,east
34.74341111,-92.29755833,S Park St,east
34.70309444,-92.29559444,I-30 E,east
36.02716667,-94.18768056,I-540 S,east
34.59743056,-92.26826944,I-530 N,east
34.25679167,-92.98545833,I-30 W,east
34.53427778,-92.67585833,Exit 111,east
34.67861667,-92.33261389,Portsmouth Dr/Stanton Rd,east
34.71583056,-92.22129722,I-440 E,east
35.80765,-94.18862222,I-540 S,east
33.76965833,-93.47841667,I-30 E,east
34.80355,-91.903425,I-40 E,east
33.57468889,-93.84680278,I-30 E,east
35.36425833,-93.34089444,I-40 E,east
35.13001667,-90.08085278,I-55 S,east
35.60169444,-94.19634722,I-540 N,east
33.551875,-93.86727222,I-30 E,east
35.03729167,-90.77704722,Exit Exit 242,east
35.17660556,-90.19407222,I-55 N,east
34.621625,-92.49236667,I-30 E,east
34.64091944,-92.44334722,I-30 Frontage Rd,east
35.53111111,-93.96441944,I-40 E,east
34.71468611,-92.25633333,Springer Blvd,east
34.77843056,-92.20846667,I-40 E,east
36.29663611,-94.17142222,Bellview St,east
34.67766389,-92.26708611,I-530 N,east
34.61263889,-92.51087778,I-30 Frontage Rd,east
35.96485833,-94.19560278,I-540 N,east
34.86033611,-92.35186389,I-40 W,east
34.76607222,-92.16183056,Exit 10,east
35.08634444,-92.41748611,I-40 E,east
36.16051389,-94.18663611,I-540 S,east
35.60911944,-94.19340556,State Hwy 348/N Hwy 348,east
33.85727222,-93.35573611,I-30 E,east
34.79930556,-91.82955833,I-40 E,east
34.19008333,-91.97980556,I-530 S,east
36.16139444,-94.18647222,I-540 N,east
35.16937778,-90.18758333,I-55 S,east
34.52406111,-92.68323889,I-30 E,east
35.03631667,-90.71906667,I-40 E,east
35.13010833,-92.51483611,I-40 E,east
34.90890556,-91.19058333,I-40 E,east
34.802,-91.69714167,I-40 E,east
35.42948611,-94.33840556,Exit 3,east
34.82004722,-91.518,I-40 W,east
34.67861111,-92.34140556,I-30 E,east
37.70131944,-121.84861944,I-580 W,east
35.27808611,-116.0503,I-15 N,northeast
33.81863056,-118.08161944,I-605 S,east
37.74654167,-122.14963333,I-580 W,east
32.77093056,-117.13116111,Camino Del Rio S,east
33.86378889,-117.54010556,I-15 S,east
33.92928056,-118.29159722,S Vermont Ave,east
33.8573,-118.2847,Route,east
34.0682,-117.83721111,I-10 W,east
33.5705,-117.67158056,I-5 N,east
40.60913056,-122.36191111,Exit 680,southeast
34.05836944,-118.25358889,CA-110 N,east
32.78520278,-117.20758611,I-5 S,east
37.743725,-122.19925,I-880 S,east
32.68761111,-117.11506111,I-5 S,east
33.7081,-117.18656944,I-215 S,east
34.13100833,-117.30521111,I-215 N,east
34.7248,-116.20901111,I-40 W,east
39.88555,-122.20003056,I-5 N,east
34.43206944,-117.37603889,I-15 N,east
34.1354,-117.97303056,I-210 E,east
32.96541944,-117.09623056,Exit 9,east
34.15635,-117.32718056,I-215 S,east
38.55491944,-121.51287222,I-5 S,east
33.93573056,-117.29013056,I-215 N,east
37.78449167,-122.19138611,MacArthur Blvd,east
32.81813611,-116.53472222,I-8 E,east
34.06789444,-117.40455833,I-10 W,east
40.200675,-122.24177778,I-5 N,southeast
38.76345278,-121.25811944,I-80 W,east
32.78853611,-117.11279167,Friars Rd,east
37.80234167,-122.28008611,I-980 E,east
34.76893889,-115.47116111,I-40 W,east
37.69092222,-122.07729444,I-580 W,east
34.21648889,-118.47306944,I-405 N,east
32.91751389,-117.11616389,I-15 S,east
34.10643056,-117.53215556,I-15 S,east
34.08969167,-117.99385,I-605 S,east
33.80263889,-118.12411111,I-405 S,east
34.06844167,-117.29567778,I-215 N,east
33.93267778,-118.28071944,I-110 S,east
37.63118333,-122.08424444,I-880 S,east
33.694375,-117.93169722,Atlanta Way,east
34.41868056,-118.58078889,I-5 N,east
34.66259444,-118.75829444,Edison Spring,east
33.74651667,-117.84288333,I-5 S,east
33.933675,-118.35657222,Interstate 105 W,east
33.72986667,-117.39024722,I-15 S,east
34.23231944,-118.40975,I-5 S,north
33.62405278,-117.71648889,I-5 N,east
34.66603056,-117.21028889,I-15 N,east
38.33458611,-122.01746389,Route,east
32.74736111,-117.1209,Route,east
41.58553333,-122.50228056,I-5 N,southeast
34.05531667,-118.21938056,San Bernardino Fwy,east
39.73262778,-122.20595556,I-5 S,east
37.29306111,-121.10065,I-5 N,east
34.04165,-117.15563056,I-10 E,east
33.90444444,-118.18458333,I-710 N,east
34.03536111,-118.32910833,I-10 W,east
34.72166111,-115.67558056,I-40 W,east
33.95681111,-118.28095,W 88th Pl,east
33.45981944,-117.13601944,I-15 N,east
34.19798889,-117.41766944,I-15 N,east
34.29081944,-118.46766944,I-405 N,east
35.88075,-119.85725,I-5 N,east
32.75711667,-117.12568889,I-805 S,east
38.1404,-122.21925,I-80 W and I-80 E,southwest
39.26095,-120.72886944,I-80 E,east
33.94630278,-118.27944167,I-110 N,east
37.69020278,-122.13446944,Route,east
39.31066389,-120.63755,I-80 W,east
37.36116111,-122.11859444,Route,east
35.46526111,-115.61445556,I-15 S,east
32.82198889,-117.16285,I-805 S,east
33.73378056,-117.81509167,Red Hill Ave,east
34.06415556,-118.006275,I-10 E,east
33.91918611,-118.1789,I-710 S,east
33.93489444,-118.27988056,W 111th Pl,east
32.65933889,-116.20621111,I-8 E,east
33.92338333,-118.28157222,I-110 S,east
33.66744444,-115.89987222,I-10 W,east
33.49691944,-117.14893056,I-15 S,east
38.5684,-121.51091389,I-5 S,east
34.04696944,-118.44611389,Santa Monica Blvd,east
38.02168889,-121.35918056,I-5 S,east
34.22758056,-118.39068889,I-5 S,east
34.06916944,-117.96845278,I-10 E,east
37.70751111,-122.47002778,I-280 S,east
33.625725,-117.71793889,I-5 N,east
34.45725,-117.35633889,I-15 N,east
33.22061111,-117.39145,I-5 N,east
34.19271944,-118.32878889,I-5 S,east
34.06818056,-117.848175,I-10 E,east
33.58426111,-117.67183611,I-5 S,east
37.69121944,-122.07338056,Exit 36A,east
34.85036944,-117.08586944,I-15 N,east
32.76656389,-117.14998611,I-8 W,east
32.7795,-117.07676944,I-8 E,east
33.94403056,-117.29253056,CA-60 E,east
37.6995,-122.47174444,I-280 S,east
34.02983333,-118.44265,I-10 E,east
33.92283889,-116.94778889,S Highland Springs Ave,east
33.08981944,-117.07978889,I-15 N,east
37.35531944,-121.91035278,I-880 S,east
32.71835,-117.10291111,I-805 S,east
34.08243889,-117.29948889,I-215 S,east
37.48576944,-122.17583889,CA-84 W,east
33.91222778,-118.37035833,I-405 N,east
32.72379444,-117.15716111,I-5 S,east
34.01535278,-118.055325,I-605 N,east
38.650575,-121.37165278,I-80 W,east
37.54557222,-122.02193611,I-880 N,east
33.9308,-118.3888,Imperial Hwy,east
37.87611389,-122.30680833,I-80 W,east
34.31756667,-118.49063056,Route,east
33.73316111,-117.41023056,I-15 S,east
32.68098889,-116.0928,Clark Ln,east
33.75171111,-118.01316111,I-405 N,east
34.13092778,-117.94699167,I-210 E,east
34.1209,-117.90493056,I-210 W,east
34.9889,-116.5873,I-15 N and I-15 S,southwest
33.85661944,-116.47116944,I-10 E,east
37.95961111,-122.33061667,I-80 W,east
32.85118056,-116.80891111,I-8 W,east
33.83066111,-118.08313889,I-605 N,east
34.07579444,-117.61998611,I-10 W,east
32.58243889,-117.08698056,I-5 N,east
35.64551111,-119.67471111,I-5 N,east
34.27445,-117.45008889,I-15 S,east
38.56673889,-121.50412778,I-80BUS W,east
38.16420833,-122.20783611,I-80 W,east
37.77143333,-122.22296944,I-880 N,east
35.39128889,-115.83587222,I-15 N,east
35.96911111,-119.94768611,I-5 N and I-5 S,southeast
33.67764167,-115.56386944,I-10 W,east
37.77465,-122.23261389,I-880 S,east
33.60986667,-114.82536667,I-10 W,east
33.98285,-117.34201944,Route,east
33.37823889,-117.56536944,I-5,east
36.88833056,-120.80031944,I-5 S,east
34.72713889,-115.82766944,I-40 E,east
34.06713056,-117.40994444,I-10 E,east
35.46790556,-115.48883889,I-15 S,east
32.7738,-115.6734,I-8 E,east
34.27155278,-118.44808889,I-5 N,east
33.29393611,-117.45888333,I-5 S,east
36.72796944,-120.69003889,I-5 S,east
34.45423889,-117.35853889,I-15 N,east
37.92704444,-122.37541944,I-580 E,east
33.60776944,-114.548,I-10 E,east
40.407,-122.28141667,I-5 S,southeast
39.03486944,-122.06903056,I-5 S,east
36.89235,-120.80321111,I-5 N,east
33.76466944,-116.31788889,I-10 E,east
37.32238056,-121.89736944,I-280 S,east
34.06496389,-117.30104444,I-10 W,east
38.20296111,-122.1567,Exit 39A,east
35.39603889,-115.8182,I-15 S,east
35.37138056,-115.90148889,I-15 S,east
32.63513056,-117.04723889,I-805 N,east
37.90223611,-122.31161389,I-80 E,east
34.06839444,-117.60536111,I-10 E,east
32.70631111,-116.36268056,I-8 W,east
39.95133889,-122.20001111,I-5 N,east
33.86055556,-118.20053056,I-710 N,east
34.54743056,-118.65965,I-5 S,southeast
37.75699722,-122.21087222,I-880 S,east
37.70302222,-122.47150556,CA-1 N,east
34.06965,-117.34956111,W Valley Blvd,east
34.72671111,-116.11676111,I-40 E,east
34.76381944,-117.15326944,I-15 N,east
34.07175,-118.124,I-10 W and W Glendon Way,west
35.54451389,-115.41809444,I-15 N,east
33.77448889,-118.06801944,I-405 N,east
33.82305,-117.92351111,I-5 S,east
33.93943056,-118.1715,I-710 N,east
32.76038611,-114.83417222,Exit 159,east
37.9518,-122.32768056,I-80 W,east
35.18216111,-119.13388056,I-5 S,east
32.81785,-116.5331,I-8 E,east
34.43108889,-117.37728056,Amargosa Rd,east
34.7221,-115.96963889,I-40 E,east
37.80266111,-122.37306111,I-80 W,east
34.07283889,-117.78841111,I-10 W,east
37.775125,-122.23328889,29th Ave Ovp,east
34.54965833,-117.29333611,I-15 N,east
34.79326111,-115.41175,I-40 W,east
37.41376389,-122.20809444,I-280 N,east
33.91896667,-117.55711944,I-15 S,east
33.75771111,-117.1903,Exit 15,east
33.93116111,-118.39508889,Interstate 105 E,east
35.30338889,-119.26416944,I-5 N,east
34.77146111,-115.46535,I-40 E,east
32.60283889,-117.0899,I-5 S,east
35.5464,-115.41732222,I-15 N,east
37.3507,-121.9157,I-880 S,east
39.05201944,-122.08063056,I-5 N,east
33.86796944,-118.00036667,Route,east
38.6828,-121.7499,I-5 S,east
32.84706944,-116.80508889,I-8 E,east
34.22941944,-117.41603056,I-15 S,east
33.80471944,-118.20734167,I-710 N,east
38.86804444,-121.13244722,I-80 W,east
34.14771111,-118.03313056,W Winnie Way,east
35.19601111,-116.13745833,I-15 N,east
34.18058889,-118.3139,E Palm Ave,east
33.92702222,-116.97175,I-10 E,east
39.23956944,-122.18158889,I-5 N,east
33.69988889,-115.46523056,I-10 W,east
34.07225,-117.91446944,I-10 W,east
34.27060278,-118.47200833,I-405 N,east
33.8275,-118.20803889,I-710 S,east
34.67461111,-118.77523056,Edison Spring,east
38.97354722,-122.02866667,I-5 N,east
37.38993889,-122.16430833,I-280 S,east
34.06708889,-118.21648056,I-5 S,east
33.71803056,-117.18873056,Route,east
34.22206944,-118.36935,I-5 S,east
33.97433889,-118.38198889,I-405 N,east
35.98626944,-119.96453889,Route,east
40.53707222,-122.35040278,I-5 N,southeast
33.49891111,-117.6582,I-5 N,east
32.71711111,-117.10203056,C St,east
36.21201944,-120.21761111,I-5 S,east
33.86311111,-118.1988,I-710 N,east
34.76571111,-115.47658056,I-40 W,east
34.89251111,-116.99981944,I-15 S,east
38.42678889,-121.88391111,I-80 W,east
33.99476111,-118.28068889,I-110 S,east
33.55928889,-117.18071944,I-215 N,east
34.80515,-115.27313056,I-40 W,east
33.68946111,-117.76673056,Exit 97,east
33.73268889,-117.81433889,Red Hill Ave,east
34.02708889,-118.27448056,I-110 N,east
33.92628889,-116.92896111,I-10 W,east
34.32235,-117.48171111,I-15 N,east
37.93076111,-121.29573889,I-5 N,east
38.02690556,-122.11394722,I-680 N,east
37.87357222,-122.30568889,I-80 E,east
33.91288889,-118.138,Interstate 105 E,east
37.41568611,-122.21079722,I-280 S,east
34.07183056,-118.12418056,I-10 W,east
38.53911944,-121.51238611,I-5 N,east
35.75595,-119.75753056,I-5 S,east
33.90006667,-118.28568889,Exit 12,east
33.80963056,-118.08171944,I-605 S,east
37.66058056,-121.43818056,Route,east
33.80728056,-118.20718056,I-710 S,east
33.44343889,-117.62898056,I-5 N,east
38.54346389,-121.73111389,I-80 E,east
33.90425278,-118.37022778,I-405 N,east
34.12011944,-117.86865278,I-210 W,east
37.73128611,-122.18709722,Bernhardt Dr,east
32.91385833,-117.11647222,I-15 S,east
32.9139,-117.11665,I-15 S,east
32.64865,-116.19155,I-8 W,east
37.95589167,-122.32976667,I-80 E,east
34.74481944,-116.32353889,I-40 W,east
33.672225,-117.17080556,I-215 N,east
33.85843056,-118.09591944,South St,east
34.06671111,-117.80298056,I-10 E,east
34.52108889,-117.31944444,I-15 S,east
33.76173889,-117.47133056,I-15 N,east
32.64505,-117.05861944,I-805 S,east
38.5556,-121.51248889,I-5 N,east
34.03486111,-118.33811944,I-10 W,east
33.69801944,-116.10215,I-10 E,east
33.93128889,-116.98594444,I-10 W,east
34.06445,-117.26202778,I-10 W,east
37.64848056,-122.09653889,I-880 S,east
34.07209167,-118.08301944,I-10 E,east
34.23248889,-118.40803056,I-5 N,east
34.06568056,-117.48873333,Route,east
34.05441944,-118.20798056,I-10,east
37.8972,-122.07120278,Exit 45B,east
32.8311,-117.16828889,Route,east
34.45213889,-117.36075,I-15 S,east
37.88498056,-121.27916111,I-5 N,east
33.92913056,-118.36851944,I-405 S,east
32.83753889,-117.23488611,Route,east
34.03106944,-117.55040278,Cantu-Galleano Ranch Rd,east
34.13044722,-117.50330556,I-15 S,east
35.47354722,-115.56310833,I-15 S,east
38.60900278,-121.50950278,I-5 S,east
33.85416944,-118.28158889,I-405 S,east
37.93676944,-121.29783056,W Charter Way,east
33.97983333,-118.28090833,I-110 S,east
33.91241944,-118.15238056,Interstate 105 E,east
32.8568,-116.82576111,I-8 W,east
33.93583889,-118.09978889,Clarkman St,east
32.80286111,-116.95771944,I-8 E,east
33.60771944,-117.25598889,I-15 S,east
37.75896111,-121.96463889,I-680 N,east
33.85006944,-116.4597,I-10 E and I-10 W,southeast
37.92701111,-121.29441111,I-5 N,east
32.83435,-116.74671944,I-8 E,east
34.74288056,-115.53333056,I-40 W,east
37.63409444,-122.41985556,El Camino Real,east
33.36920833,-117.55019444,I-5 N,east
33.30753056,-117.15038889,I-15 N,east
35.53596944,-119.57358056,I-5 N,east
34.06754167,-117.55325,I-10 W,east
38.52975,-121.7546,Exit 71,east
34.24796944,-117.43893056,I-15 N,east
37.46635,-121.9055,Scott Creek Rd,east
37.69063889,-122.09533056,I-580 W,east
35.19286944,-119.1455,I-5 S,east
33.51068889,-117.16073056,Commerce Center Dr,east
32.54656111,-117.03588056,I-5 S,east
33.20678056,-117.38463056,I-5 N,east
33.88226944,-117.5473,I-15 N,east
33.88943056,-118.2853,I-110 N,east
37.88009167,-122.30758333,I-80 E,east
34.79495,-118.85258889,I-5 S,east
41.32450556,-122.32611389,Kingston Rd,southeast
37.43660556,-121.88848611,Ayer Ln,east
33.69391944,-115.28226111,I-10 W,east
38.00018611,-121.34970278,I-5 S,east
33.86869167,-116.49103611,I-10 E,east
34.07223889,-117.78981944,I-10 E,east
35.21308889,-116.11345,I-15 N,east
33.9021,-118.06211111,Route,east
37.70238889,-121.74040278,I-580 E,east
33.91281111,-118.10481944,Route,east
33.00265,-117.25788889,I-5 S,east
35.15274167,-119.10081667,I-5 N,east
33.12716944,-117.10498889,I-15 S,east
32.62958056,-117.04395,I-805 N,east
32.73421111,-117.11383889,Haller St,east
33.52175,-117.16398056,Main St,east
32.87048056,-117.10703056,I-15 N,east
37.35285,-121.83749444,I-680 N,east
37.56933611,-122.39588333,I-280 S,east
32.61688056,-117.0917,Exit 7A,east
32.76375,-117.20436111,Anna Ave,east
35.51561944,-115.43081111,I-15 S,east
37.80616944,-122.36908056,I-80 E,east
37.814575,-122.35775833,I-80 E,east
32.7785,-117.20886944,I-5 S,east
33.28541111,-117.14998056,I-15 S,east
32.64048889,-117.05535,E H St,east
35.095,-119.03885278,Exit 228,east
32.89316111,-117.11486944,I-15 N,east
41.87298889,-122.56081944,I-5 S,southeast
39.72771111,-105.17528611,I-70 E,east
39.96308056,-104.98815833,I-25 S,east
39.50483056,-106.19655,I-70 E,east
39.81761944,-104.9817,I-76 E,east
40.69561111,-105.000275,I-25 N,east
39.59546667,-104.88633611,Route,east
39.47840833,-107.97548333,I-70 E,east
39.50834722,-104.87181944,I-25 N,east
39.48901944,-104.87292778,I-25 S,east
40.52683056,-104.99263889,I-25 S,east
39.60419167,-104.890525,I-25 S,east
38.36711111,-104.62061111,I-25 N,east
39.69419167,-105.78665833,I-70 E,east
37.43015,-104.64131944,I-25 N,east
39.69046111,-104.97436111,I-25 N,east
40.232175,-104.97965,Exit 245,east
38.77263056,-104.78118056,I-25 N,east
39.78272222,-104.98898611,Route,east
39.81471944,-104.98594722,I-76 E,east
40.06173056,-104.9808,I-25 S,east
39.77839167,-104.90443056,I-70 W,east
39.67693056,-105.95458889,I-70 W,east
38.77303056,-104.78132222,I-25 N,east
40.75446111,-102.97637222,I-76 E,east
40.39665556,-103.36407778,I-76 W,east
39.47216667,-108.02459722,I-70 W,east
37.43668056,-104.64521111,I-25 S,east
39.520375,-107.82781111,I-70 W,east
39.77523333,-104.86195833,I-70 E,east
39.27859444,-103.42475556,I-70 W,east
39.52981944,-107.73854167,I-70 E,east
39.11489722,-108.54257778,I-70 W,east
39.66147778,-104.83698889,I-225 N,east
40.39578889,-104.99346111,I-25 S,east
39.85881944,-104.91175556,I-76 E,east
39.19039444,-109.01822222,I-70 E,east
39.69915556,-105.23818333,I-70 W,east
39.69915556,-105.23818333,I-70 W,east
39.65336944,-106.9437,I-70 E,east
39.77924444,-104.92730833,I-70 E,east
40.62462778,-103.16986667,I-76 E,east
38.28765,-104.60567222,Route,east
39.37928056,-103.88593056,I-70 W,east
38.71355,-104.72646389,I-25 S,east
39.74970278,-105.01749444,I-25 S,east
39.11482778,-108.57087778,26 Rd,east
39.58483611,-106.10916944,I-70 W,east
38.21201389,-104.62676944,I-25 N,east
39.69388889,-106.66611111,I-70 E,east
39.35069444,-108.18126667,I-70 W,east
38.22481111,-104.61408333,I-25 N,east
39.74835556,-105.01786944,I-25 N,east
39.105,-108.47333333,I-70 W,east
39.84361111,-104.92691667,I-76 W,east
38.83309167,-104.83250556,I-25 S,east
39.73805556,-104.4775,I-70 E,east
39.29425833,-102.59388889,I-70 E,east
39.26638889,-103.53972222,I-70 E,east
39.68,-106.64840278,I-70 W,east
39.69572778,-105.82785833,I-70 E,east
41.70690278,-72.80251667,Fienemann Rd,east
41.36205,-72.021625,I-95 N,east
41.66828889,-72.82647222,Cronk Rd,east
41.42936667,-71.817025,I-95 N,east
41.81281389,-72.64301944,I-291 W,east
41.39045278,-72.17793333,I-395 S,east
41.66891389,-72.84393056,I-84 E,east
41.06779444,-73.49363889,I-95 N,east
41.36923333,-72.00405,I-95 S,east
41.26340833,-72.98388056,I-95 S,east
41.03747222,-73.58997222,I-95 S,east
41.57388056,-72.9061,I-84 W,east
41.35190556,-72.86778333,I-91 S,east
41.73425278,-72.66531944,Route,east
41.64217778,-71.9356,I-395 S,east
41.52785556,-73.08836111,I-84 W,east
41.22627222,-73.07628056,I-95 S,east
41.57063889,-72.72433056,I-91 S,east
41.01944722,-73.62931667,I-95 S,east
41.56027222,-72.91640556,Route,east
41.72704444,-72.759025,I-84 E,east
42.02207222,-72.14704722,I-84 E,east
41.37406944,-72.19538889,I-95 N,east
41.67103611,-72.82275833,I-84 W,east
41.50338889,-72.76953333,I-91 S,east
41.74771944,-72.66032222,I-91 S,east
41.38346944,-73.48558056,I-84 E,east
41.12163889,-73.32932222,I-95 S,east
41.80341667,-72.60024444,I-291 W,east
41.31859444,-72.89729444,I-91 S,east
41.25043056,-73.003,Exit 41,east
39.79409444,-75.45942222,I-495 S,east
39.74686111,-75.51160833,I-495 S,east
39.77833056,-75.51057778,I-95 S,east
39.75217778,-75.50173889,I-495 N,east
38.89355556,-77.01425556,Route,east
38.88298333,-77.01222778,I-395 N,east
38.88809444,-76.96161111,District of Columbia Hwy 295,east
26.80880556,-80.09838611,I-95 S,east
26.21156111,-81.73608889,Pine Ridge Rd,east
28.01521389,-82.26984167,I-4 E,east
30.23590278,-82.73321389,I-75 N,east
28.00252778,-80.63349444,I-95 S,east
28.56405278,-82.23496111,I-75 N,east
27.68044722,-82.42379444,I-75 N,east
27.95703056,-82.46108333,Route,east
30.19103889,-81.70836944,I-295 S,east
30.18944167,-81.65269167,I-295 N,east
27.66903889,-82.43109167,I-75 S,east
28.10223056,-82.44266944,I-275 N,east
28.802325,-81.34270278,N Sun Dr,east
26.17225278,-80.89828056,I-75 S,east
28.60637778,-80.85144167,I-95 S,east
28.26690556,-81.60775,Route,east
26.42991667,-80.08972778,I-95 N,east
27.87576944,-82.66199167,I-275 S,east
28.19927778,-80.70955556,I-95 S,east
27.95168056,-82.51398056,N Lois Ave,east
25.81021389,-80.14154722,Exit 5,east
27.98190833,-82.32633889,I-75 N,east
30.62993889,-84.86355,I-10 E,east
25.894725,-80.20929722,NW 131st St,east
26.11973056,-80.33665278,FL-84 W,east
27.45226944,-80.39642222,Amusement Ave,east
28.74889722,-81.36574722,I-4 E,east
26.09009167,-80.16868056,I-95 S,east
26.19439722,-80.15128889,I-95 S,east
25.78765278,-80.19808611,I-395 E,east
27.58468889,-82.55655278,I-275 N,east
26.94131389,-82.01905556,I-75 N,east
28.87606667,-81.28266667,I-4 E,east
27.99643056,-82.36373056,Route,east
25.91844722,-80.21044444,I-95 Express,east
26.91183333,-80.1425,Pinecrest Cir,east
28.76069444,-81.36161667,Greenleaf Ln,east
29.69145278,-81.32410556,I-95 S,east
30.50296389,-87.22873611,Exit 13,east
30.26031667,-82.17559444,I-10 W,east
28.94705556,-82.11711389,I-75 S,east
30.38771944,-81.55831944,I-295 S,east
29.06521111,-81.00876111,I-95 N,east
29.91058056,-82.55158056,I-75 N,east
26.15337778,-81.56840278,I-75 N,east
27.51896111,-82.50354722,3rd Ave E,east
25.8761,-80.20871944,I-95 N,east
28.45103333,-82.27594722,I-75 N,east
30.46530833,-82.96069722,I-75 S,east
27.99971944,-82.32729444,Route,east
30.66871111,-86.85226944,I-10 W,east
28.95239444,-81.25843889,I-4 E,east
27.09485,-82.12385,I-75 N,east
30.71040556,-84.91573333,FL-10 W/US-90 W,east
28.00757222,-82.29515833,I-4 W,east
30.44533889,-82.92783889,I-75 S,east
26.14644167,-80.55936389,I-75 N,east
29.39351389,-81.31508889,FL-11 N,east
28.00857778,-82.32742778,Route,east
26.555375,-80.07068889,Industrial Way,east
28.02699722,-82.18148056,E Ash St,east
29.78396111,-81.36091667,I-95 N,east
26.97899444,-82.02490278,Co Rd 776/Harbor View Rd,east
26.11927778,-80.33677778,Route,east
26.08218056,-80.16875,I-595 W,east
30.16705833,-81.56619167,I-295 S,east
30.584475,-83.11021111,I-75 S,east
25.88656389,-80.20883611,Exit 10A,east
26.05185278,-80.35259444,Griffin Rd,east
26.74348611,-80.09046111,I-95 N,east
28.64166389,-81.38814444,I-4 W,east
26.07132778,-80.35779722,Griffin Rd,east
26.15308611,-81.53313611,I-75 N,east
26.27496667,-80.12861667,W Sample Rd,east
30.20585556,-81.51391667,I-295 S,east
26.52155,-80.07232222,I-95 N,east
28.65461944,-80.86472778,I-95 N,east
30.10258889,-81.5023,Route,east
28.86206667,-81.29289444,Laurianne Rd,east
26.10220556,-80.36012222,Rex 3 Rd,east
27.13026389,-80.35048611,I-95 N,east
27.09889722,-82.19086111,Oklahoma St,east
25.93227778,-80.21267222,FL-91 N,east
27.99503056,-82.36698333,I-4 W,east
26.27241944,-80.098125,FL-5 S/U.S. 1 S,east
25.91193611,-80.20988056,I-95 N,east
26.36806944,-81.76797778,I-75 S,east
30.75279722,-85.58879722,I-10 W,east
29.62594722,-81.26232222,I-95 N,east
25.85034167,-80.20749167,Route,east
30.34923056,-82.99702222,I-10 W,east
30.26015278,-82.11099167,I-10 W,east
26.16732222,-81.15405556,I-75 S,east
26.91840278,-82.01282222,I-75 S,east
29.66113056,-82.42038889,NW 31st Ln,east
30.76113611,-85.65209722,I-10 W,east
28.07031389,-82.35276389,I-75 N,east
28.35837222,-80.79277778,Martino Way,east
27.30636111,-82.44776111,Route,east
25.9435,-80.18756389,I-95 S,east
30.7531,-85.59278056,I-10 W,east
26.12908333,-80.16931389,NW 6th St,east
30.10379167,-82.64796389,Lee Dairy Rd,east
28.02795278,-82.14583611,I-4 E,east
30.48275556,-84.045375,I-10 E,east
29.53515833,-81.20626389,I-95 N,east
27.95123889,-82.32820278,I-75 S,east
26.42470556,-81.77493611,I-75 N,east
29.01939167,-81.22908333,Route,east
28.36401111,-82.31938611,I-75 N,east
28.83884167,-81.31546389,I-4 E,east
29.21818889,-81.10228056,I-95 N,east
26.15316389,-81.550125,I-75 N,east
27.64628056,-80.52063056,I-95 S,east
26.30418611,-80.11957222,I-95 N,east
26.06268056,-80.35048056,Griffin Rd,east
28.11600556,-82.37185556,I-75 N,east
28.826325,-81.32818889,I-4 E,east
29.74175278,-82.48029722,I-75 N,east
27.96626111,-82.40581944,E 14th Ave,east
29.98990278,-82.58335833,Lee Dairy Rd,east
26.03336944,-80.16357778,Sheridan St,east
27.12761667,-80.32656944,I-95 N,east
27.33760278,-82.44658611,Route,east
30.7484,-86.25141944,I-10 E,east
26.80883611,-80.09753056,Northlake Blvd,east
26.39996944,-80.08996389,I-95 N,east
30.69262222,-86.01398056,I-10 W,east
29.07693056,-82.18393611,I-75 N,east
29.60368611,-82.37481111,I-75 S,east
27.95654722,-82.49941944,W Green St,east
29.95213611,-81.44093056,I-95 S,east
30.30137222,-81.64043056,I-95 N,east
30.31522778,-81.77546111,I-10 W,east
27.07058611,-82.09658056,I-75 N,east
30.67669722,-85.07973889,I-10 E,east
30.11544167,-81.51519444,I-95 S,east
26.59541944,-80.06880278,I-95 N,east
30.70019444,-86.12245556,FL-83 N/US-331 N,east
26.27488889,-80.1256,W Sample Rd,east
30.34076944,-81.54183056,I-295 S,east
27.85025278,-82.356875,Vaughn St,east
29.56673611,-82.348975,I-75 N,east
28.39466944,-80.81590556,I-95 N,east
27.47309444,-80.35481944,Essex Dr,east
28.16388333,-81.77851389,I-4 E,east
27.6439,-80.51943333,I-95 N,east
26.08383056,-80.17050278,Anglers Ave/Ravenswood Rd,east
26.16742778,-80.158675,Exit 31B,east
30.44636944,-82.92963056,I-75 S,east
28.00638611,-82.29969722,I-4 E,east
27.73876111,-80.54864722,I-95 N,east
27.65780556,-82.67694444,I-275 N,east
28.21466389,-80.71416944,I-95 S,east
26.71851111,-80.09023056,Route,east
30.09269444,-82.641175,Peacock Rd/Peacock Terrace,east
30.13489167,-82.66543889,I-75 N,east
25.92124722,-80.35047778,I-75 S,east
30.64076111,-81.65739444,I-95 N,east
28.42805556,-80.82011667,I-95 N,east
27.09907222,-82.16582222,I-75 N,east
26.43792222,-81.78015,I-75 S,east
30.25863889,-82.12016944,I-10 E,east
30.56066667,-87.37233333,I-10 W,east
30.23545,-82.27783889,Power Line Rd/Tiger Lake Rd,east
28.00325833,-82.32032222,I-4 W,east
27.09874444,-82.17528611,I-75 S,east
27.90883889,-82.34,S Gornto Lake Rd,north
30.60540278,-83.13041389,I-75 N,east
30.16673889,-81.543275,I-295 N,east
26.24935556,-80.13690278,I-95 S,east
26.54085556,-81.79512222,Eagle Ridge Dr,east
26.16697778,-80.15764444,Route,east
28.78543333,-81.35113333,Greenleaf Ln,east
29.81236111,-82.51364167,M L King Blvd,east
30.46097222,-83.78261944,I-10 E,east
30.29654444,-81.94149722,I-10 W,east
30.69811111,-85.98472778,I-10 W,east
28.47591111,-80.82115278,I-95 S,east
26.28666111,-80.12493611,I-95 S,east
26.59454167,-80.06900278,I-95 N,east
26.62727222,-80.06765,I-95 S,east
26.67074444,-81.79963611,I-75 N,east
28.0364,-82.05641389,I-4 E,east
30.30218889,-81.92082222,I-10 W,east
26.62451111,-80.06711667,I-95 N,east
26.08146389,-80.16844167,I-95 N,east
30.17588889,-81.62025833,I-295 S,east
26.99833889,-80.19881944,I-95 N,east
27.94980278,-82.32809722,I-75 N,east
26.55896944,-80.06998611,Exit 59,east
27.48574444,-80.43537222,I-95 N,east
25.81068889,-80.17535278,I-195 W,east
30.50324722,-87.22726944,Route,east
28.80080278,-81.34299722,W 11th St,east
29.07688889,-81.17583333,I-4 W,east
30.27070278,-82.77169444,I-10 W,east
29.08380278,-81.01738056,I-95 N,east
29.30663333,-82.20729722,I-75 N,east
29.07774444,-82.18466389,I-75 S,east
28.02726389,-82.18349444,I-4 W,east
28.49221667,-81.43411944,I-4 E,east
29.00183611,-81.24285278,I-4 E,east
29.05869722,-81.19311944,I-4 W,east
26.84127222,-80.10224167,Hermitage Cir,east
26.16598056,-80.16025,W Oakland Park Blvd,east
25.78481944,-80.23953056,FL-836 E,east
29.97467222,-81.45468889,I-95 N,east
30.48186111,-87.25158611,Stumpfield Rd,east
30.45077778,-87.21945,N Hayne St,east
28.03706111,-82.06396389,Varn Rd,east
30.26195833,-82.73469722,I-10 E,east
30.20656667,-81.57783889,FL-5 S/U.S. 1 S,east
26.40508333,-81.77266944,I-75 N,east
29.70343056,-81.32781944,I-95 N,east
29.21995,-81.10311111,Route,east
25.90003333,-80.34733333,I-75 N,east
30.55393611,-81.64053889,I-95 S,east
28.02235833,-82.24671389,I-4 E,east
28.76795556,-81.359225,Cricklewood Terrace,east
28.79498611,-81.34624444,I-4 W,east
29.60375278,-81.25048333,I-95 S,east
30.63626944,-84.94555,I-10 E,east
27.98419444,-82.4539,I-275 S,east
27.33659444,-82.44701667,Albritton Ave,east
26.50390833,-80.07733056,I-95 S,east
29.00788889,-80.98508889,I-95 S,east
29.33685,-81.13087778,I-95 N,east
28.85056111,-80.91613333,I-95 N,east
30.31461111,-81.76927778,Route,east
26.12285278,-80.35881389,Route,east
25.97108611,-80.28674167,SW 101st Ave,east
29.15651944,-81.07653889,I-95 S,east
30.25304722,-82.712725,I-10 W,east
29.23616389,-81.10902222,Route,east
28.21578333,-80.71446389,I-95 S,east
30.71560278,-86.67795278,I-10 W,east
26.59571667,-81.79827778,I-75 S,east
28.52693889,-82.23723889,Hickory Hill Rd,east
30.13554444,-81.53477222,I-95 N,east
27.93532222,-80.60485278,I-95 N,east
30.76349167,-85.70673611,I-10 W,east
29.06521111,-81.00876111,I-95 N,east
28.54303611,-80.85173611,I-95 S,east
30.41168611,-81.74967222,Exit 28A,east
30.15275278,-82.68539722,SW Woodgrass Gln,east
26.11611111,-80.16906389,SW 4th Dr,east
29.11755,-81.03949722,I-95 N,east
28.48919722,-80.82851389,I-95 N,east
26.15498333,-81.33971111,I-75 N,east
32.02834444,-81.26896944,I-95 N,east
34.82405,-85.01805278,I-75 S,east
33.98874722,-84.5466,I-75 N,northwest
34.97128889,-85.45043056,I-24 E,east
30.73106389,-83.26229167,I-75 S,east
31.79696667,-83.698225,I-75 N,east
33.76630556,-84.66304722,Route,east
33.94791667,-84.13956667,I-85 N and I-85 S,southwest
33.66651389,-84.34341389,Interstate 285,east
33.40051111,-82.01040833,I-520 E,east
33.68381667,-84.40984722,I-85 S,east
33.69119167,-84.40233611,Exit 242,east
33.77541944,-84.58166944,I-20 W,east
33.92009167,-84.32071111,Interstate 285,east
33.72167222,-84.50281389,I-285/Interstate 285,east
33.90574722,-84.476075,I-75 S,east
33.82518611,-84.48941111,Interstate 285 N,east
34.04288056,-84.56376389,I-575 S,east
33.56476667,-84.32019722,I-75 S,east
31.72094444,-81.38883889,I-95 N,east
33.26781667,-84.80424722,I-85 N,east
32.18345833,-81.46276389,Route,east
31.03366667,-81.653825,I-95 N,east
33.38565833,-84.1424,I-75 N,east
32.43368333,-82.69506944,I-16 W,east
32.04364167,-81.14697222,Exit 2,east
31.33966667,-81.46500278,I-95 N,east
34.08085,-84.635925,I-75 S,east
31.63853056,-81.40279167,Foir Hope Rd,east
32.25859722,-81.72403889,I-16 W,east
34.29700556,-83.40996389,Route,east
32.85084444,-83.74160278,I-475 S,east
32.50558056,-84.94951944,I-185 N,east
32.70835833,-83.73274444,Jabrok Cir,east
33.13561111,-84.018675,I-75 S,east
32.44453056,-84.92746111,I-185 N,east
33.54286944,-84.26947222,I-75 S,east
31.999725,-83.75770556,I-75 N,east
31.88046111,-81.32930833,I-95 N,east
31.27021667,-83.47256111,I-75 S,east
34.93089167,-85.15401944,Exit 350,east
31.92096111,-81.328975,Ford Ave,east
33.83242222,-84.33566944,N Druid Hills Rd NE,east
31.47893889,-83.51913889,I-75 N,east
33.69633333,-84.40525556,Route,east
32.54505,-84.96113889,US-80 W,east
34.16153333,-83.63166389,I-85 N,east
33.90395833,-84.47532222,I-75 S,east
33.452875,-84.68038611,I-85 N,east
33.75768056,-84.37865556,John Wesley Dobbs Ave NE,east
33.75164722,-84.49643333,Interstate 285,east
33.42963333,-84.18402778,I-75 N,east
34.21446389,-84.49061389,I-575 N,east
31.27745,-83.47404167,I-75 N,east
33.61627222,-83.92228611,I-20 W,east
34.37298333,-83.26508056,Co Rd 213/J R Bond,east
33.76500278,-84.52196389,Interstate 20 E,east
33.35513889,-84.12608056,I-75 S,east
32.04315,-83.76351944,I-75 N,east
32.06500556,-81.11253333,Route,east
33.77425278,-84.56381667,I-20 W,east
34.05625,-84.00172222,I-85 S,east
31.14163333,-81.57267222,I-95 S,east
33.40785278,-81.98802778,Route,east
34.87328889,-85.04205556,I-75 S,east
33.69624444,-84.40519167,Route,east
33.63112778,-84.48958333,I-285/Interstate 285,east
34.05938056,-83.95863611,I-85 N,east
33.95528889,-84.51656944,Gresham Rd,east
32.07791944,-81.244475,I-95 S,east
32.23041944,-81.62728056,I-16 W,east
33.4841,-82.201425,I-20 W,east
32.16137222,-81.43431111,I-16 W,east
32.87569444,-85.15412778,I-85 N,east
31.07127778,-83.40615278,I-75 S,east
32.22837778,-81.58408611,I-16 W,east
33.54251111,-84.58511389,I-85 N,east
31.05116944,-81.64451111,Whiskey Bottle Rd,east
33.88014167,-84.47323333,Route,east
34.20326667,-84.76172222,I-75 S,east
34.91071111,-85.13048056,Exit 348,east
33.72251944,-84.93942222,Temple St,east
34.6662,-84.99216667,I-75 N,east
33.90049444,-84.24491389,I-85 N,east
33.15254444,-84.03358611,GA-18 W/U.S. 41 N,east
33.71649444,-84.25507222,I-20 W,east
32.48469722,-82.88244722,I-16 W,east
31.74875278,-83.661275,Route,east
33.89077778,-84.26123056,I-85 S,east
33.48185278,-82.18314167,Interstate 20 E,east
33.64863611,-84.37017222,Interstate 285,east
32.95570833,-83.81107222,I-75 S,east
34.10143611,-84.72628889,I-75 N,east
33.56869167,-84.32611944,I-75 S,east
34.22298056,-83.8689,I-985 N,northeast
33.90495556,-84.47492778,Route,east
31.24796944,-81.49968056,Liz Hill Rd,east
33.05556111,-84.95371389,I-85 N,east
33.97706944,-84.08896944,Laurel Haven Ct,north
33.54005833,-83.00739722,I-20 W,east
35.10621389,-85.53390833,TN-27 W/Griffith Hwy,east
34.204875,-83.55413611,I-85 N,east
34.14118889,-83.94916111,I-985 S,east
30.99726389,-81.66385833,I-95 N,east
33.74664167,-84.49820833,Interstate 285,east
33.69884722,-84.40481944,I-75 S/I-85 S,east
33.02388889,-83.90161944,I-75 N,east
33.55545833,-83.46827778,I-20 W,east
33.77780833,-84.39075833,I-75 N/I-85 N,east
34.03783611,-84.03781111,I-85 N,east
33.71677778,-84.98658611,I-20 W,east
34.05628889,-84.00154167,I-85 S,east
33.60725278,-83.87994722,Access Rd,east
34.78295278,-85.00033889,I-75 N,east
33.74980278,-84.38243333,Decatur St SE,east
33.77402778,-84.23532778,Interstate 285 N,east
33.61869444,-84.48526389,Route,east
34.22258611,-83.86943611,I-985 N,east
34.10607778,-83.78524722,I-85 N,east
33.76567222,-84.49510556,I-20 W,east
33.85046389,-84.30195,I-85 N,east
32.93971667,-83.77603056,I-75 S,east
34.14641944,-84.7425,I-75 S,southeast
33.61378056,-83.83001389,Exit 93,east
33.57839722,-83.53841111,I-20 W,east
33.71153056,-84.21735278,Interstate 20 E,east
33.73641944,-84.23100556,Interstate 285,east
30.77880556,-83.29645833,I-75 S,east
33.53186389,-82.98614722,Interstate 20 E,east
33.61994167,-84.47533611,GA-14 S/US-29 S,west
33.53045278,-82.922575,I-20 W,east
34.23137222,-83.49685,I-85 S,east
33.70643889,-84.20081944,I-20 W,east
33.80466389,-84.2501,Interstate 285 N,east
34.02909167,-84.04969444,I-85 S,east
33.57773611,-84.27811111,GA-42 S/US-23 S/Macon Hwy,east
33.911,-84.21643611,I-85 S,east
32.22253611,-81.55035278,I-16 W,east
32.23087222,-81.63564444,I-16 W,east
33.58270556,-84.36937222,I-75 S,east
34.13875278,-84.73694167,Exit 285,east
33.94620278,-84.14278889,I-85 S,east
32.33661389,-81.94861944,I-16 W,east
32.99260833,-83.84613333,Route,east
31.02079444,-81.65793333,I-95 S,east
33.88935,-84.45855833,Route,east
21.38867778,-157.94136389,I-H-1 E,south
21.35037222,-158.06912222,I-H-1 W,south
21.33639167,-157.88179722,I-H-1 E,south
21.39661944,-158.00888889,I-H-1 E,south
21.45479444,-157.98998333,I-H-2 S,south
21.35856667,-157.93146667,I-H-1 E,south
21.41508056,-157.99173611,I-H-2 N,south
44.46319167,-112.22466944,I-15 S,southeast
47.474025,-115.90877222,I-90 W,southeast
43.28791944,-115.89189444,I-84 W,southeast
42.61834722,-113.13636389,I-86 E,southeast
43.02214722,-115.55726111,I-84 W,southeast
42.88477222,-112.64694444,I-86 W,southeast
43.17548333,-112.35953889,I-15 BUS S/US-91 N/S Broadway St,southeast
47.47295556,-115.92246111,I-90 E,southeast
47.472475,-115.92166111,I-90 E,southeast
42.69438056,-112.95797778,I-86 E,southeast
47.70969167,-116.89138333,I-90 W,southeast
47.50928889,-116.00070556,I-90 E,southeast
47.69843611,-116.78789444,I-90 E,southeast
43.25645556,-112.31314722,I-15 N,southeast
43.07103889,-112.40256667,I-15 S,southeast
47.71146111,-116.98021111,N McGuire Rd,southeast
42.85039444,-114.83053889,I-84 W,southeast
43.30702222,-115.91287222,I-84 E,southeast
40.13205556,-88.19676111,N Cunningham Ave,east
39.89218889,-89.60553056,Crossing Dr,east
39.42473056,-88.38043889,I-57 N,east
41.968175,-88.02522222,I-290 W,east
39.95741944,-91.32065,I-172 S,east
37.26139444,-88.72879167,I-24 W,east
40.54204167,-89.07936667,I-74 E,east
41.61122222,-87.69635,I-57 N,east
41.76169722,-87.62545,Interstate 94 W,east
41.685125,-87.60136667,Route,east
39.70611389,-91.04564444,I-72 E,east
39.75564167,-91.29403889,Route,east
41.97221667,-87.87003611,I-294 S,east
40.25833056,-88.63591667,I-74 E,east
42.11600556,-87.87613611,I-294 S,east
41.83254167,-87.69367222,I-55 N,east
37.54185,-89.05302778,I-57 S,east
38.49661389,-90.213625,I-255 N,east
40.80262778,-87.99876111,I-57 S,east
41.41700833,-88.19447222,I-55 S,east
39.49816944,-88.32248611,I-57 S,east
40.14295,-88.28029722,Route,east
42.29711667,-87.902875,I-94 E,east
41.57824167,-87.66583611,I-80 W,east
38.62147222,-90.09351111,Route,east
41.87126667,-87.76011667,I-290 E,east
41.87351667,-87.81543611,Des Plaines Ave,east
41.53809167,-87.96221944,I-80 W,east
41.99396944,-87.75099722,I-94 E,east
38.70341667,-89.98102222,I-55 S/I-70 W,east
41.95908056,-87.87815833,I-294 N,east
41.76004444,-87.62583333,I-94 E,east
38.84540556,-89.48482778,I-70 W,east
38.22339167,-88.90604722,I-57 N,east
41.84058611,-89.00986389,I-39 N,east
39.360325,-88.41976111,I-57 S,east
39.43438056,-88.36643056,I-57 S,east
40.56474167,-89.00273889,I-39 S,east
40.63006389,-89.58089722,I-474 E,east
41.77389722,-88.04785556,I-355 S,east
38.27113611,-88.92856944,I-64 W,east
39.97746667,-88.79894444,I-72 E,east
41.48772222,-88.17591111,NW Frontage Rd,east
41.57001944,-87.73373611,I-80 E,east
41.78307222,-87.63151111,I-90 E/I-94 E,east
42.06650556,-88.10486389,I-90 E,east
41.43896111,-88.19528056,I-55 S,east
41.55507222,-87.85149444,Monaghan Dr,east
41.99837222,-87.87808611,I-90 W,east
41.80362778,-87.631975,I-90 E/I-94 E,east
40.91753056,-90.25970556,I-74 E,east
38.75364167,-90.04211944,I-255 N,east
41.60388056,-87.70606667,I-57 N,east
39.09000278,-88.59580278,I-70 E,east
41.80579444,-87.77855278,I-55 N,east
41.87124167,-87.77447222,I-290 W,east
41.81030556,-88.05643611,I-88 W,east
37.75121111,-88.95435833,I-57 S,east
41.87168889,-87.78112778,I-290 W,east
40.32203611,-88.739075,I-74 E,east
38.65301944,-90.117025,I-55 N/I-70 E,east
41.51334722,-88.06993611,I-80 W,east
39.17180833,-88.50558611,I-57 N,east
41.80631389,-88.16154722,I-88 E,east
41.06692778,-88.46145278,I-55 S,east
41.66360833,-87.59203889,I-94 E,east
42.17863056,-87.87466389,I-94 W,east
41.6697,-89.05649722,I-39 N,east
41.48676667,-88.18371944,I-80 W,east
41.87072778,-87.87387778,I-290 E,east
41.44038056,-90.27627222,I-80 W,east
39.16351944,-89.68913056,I-55 S,east
38.26631944,-88.42863056,I-64 E,east
39.08960556,-88.58071944,I-57 N,east
40.23647778,-89.259825,I-55 S,east
41.69399167,-87.65946111,I-57 N,east
38.68520833,-90.00670833,I-55 N/I-70 E,east
38.61661389,-90.17751389,I-55 N/I-64 E/I-70 E,east
41.73271944,-87.62488611,I-94 E,east
41.41026389,-90.02265278,I-80 E,east
39.21217222,-88.48897222,I-57 N,east
38.47433056,-90.23429167,I-255 N,east
42.09298056,-88.36367778,I-90 E,east
42.21493889,-89.01134167,I-39 N,east
41.30066111,-89.08288056,I-39 N,east
41.87419167,-87.70638611,I-290 E,east
41.79500278,-88.36419722,I-88 E,east
42.01202222,-87.75099444,I-94 E,east
40.46973333,-88.95313333,S Veterans Pkwy,east
41.57815278,-90.21351667,I-88 E,east
42.14451944,-87.82510833,Interstate 94 W,east
41.72141111,-87.62455833,I-94 E,east
38.6756,-90.02882222,I-255 N,east
41.48591667,-88.21532778,I-80 W,east
41.37743056,-88.79690556,I-80 W,east
41.871425,-87.74726389,I-290 E,east
41.51952778,-87.99244167,I-80 W,east
41.51409167,-88.00361389,I-80 W,east
41.17096944,-87.861375,I-57 S,east
40.96693611,-89.05629444,I-39 N,east
42.22028333,-88.99655278,I-39 S,east
41.92892222,-87.69005556,I-90 E/I-94 E,east
38.32041389,-85.75356944,I-65 S,east
40.42411389,-85.54946389,I-69 N,east
39.69979167,-86.10727778,I-65 S,east
41.42947222,-85.05328889,I-69 N,east
39.95006111,-86.35735833,I-65 S,east
39.918175,-86.32833056,I-65 N,east
39.8381,-85.56058056,I-70 E,east
39.56568611,-86.63998611,I-70 E,east
39.85243333,-85.30162778,I-70 E,east
38.08660833,-87.47666389,I-164 S,east
41.60203056,-87.16655833,Interstate 94 W,east
38.23949444,-86.14856111,I-64 E,east
41.57421389,-87.51422222,I-80 E,east
41.10948889,-87.26562222,I-65 S,east
41.74861389,-85.35329722,I-80 E,east
38.791825,-85.8191,I-65 N,east
40.14251667,-86.52735556,I-65 N,east
38.23369722,-86.500725,I-64 E,east
39.01244722,-85.8728,I-65 S and I-65 N,northwest
41.72280278,-86.15701667,I-80 E,east
39.24435556,-85.95485833,I-65 S,east
39.71172222,-86.26916944,I-70 E,east
39.78965278,-86.128075,I-70 E,east
41.57484167,-87.27036944,I-80 W,east
41.56963056,-87.37927778,I-80 E,east
39.92438889,-86.22710833,Route,east
38.282525,-85.94175278,I-64 E,east
39.80748056,-86.27889722,I-74 E,east
39.31775278,-85.94883056,I-65 S,east
41.39203889,-87.325,Exit 247,south
39.86979167,-84.90864167,I-70 E,east
39.74204167,-86.13770556,I-65 S,east
40.12117222,-86.51608889,I-65 N,east
39.85342222,-85.47015556,I-70 E,east
39.85315833,-85.07499167,I-70 E,east
39.400375,-85.9448,I-65 S,east
41.48199444,-87.32199722,I-65 N,east
39.85951667,-85.01014722,I-70 W,east
38.25422222,-86.28676944,I-64 W,east
39.77081111,-86.03015833,I-465,east
38.16695556,-87.58712778,I-64 E,east
38.42995833,-85.76481389,I-65 N,east
39.80514167,-86.27434722,Route,east
40.90952222,-87.21161944,I-65 N,east
40.041325,-86.48418056,I-65 S,east
39.51368056,-86.92139167,I-70 E,east
39.67566389,-86.35134444,I-70 W,east
41.31897778,-87.30161111,I-65 N,east
41.60281111,-87.31468333,I-90 W,east
41.57368889,-87.510025,I-80 E,east
39.737025,-86.04341944,I-465,east
39.69605833,-85.99037778,I-74 E,east
40.62837222,-85.52204444,I-69 S,east
39.93066944,-86.27511944,I-865 E,east
41.62380278,-87.06850278,I-94 E,east
40.54824444,-86.92421389,I-65 N,east
38.22992222,-86.61548056,I-64 E,east
41.59263889,-87.24224444,I-90 E,east
39.67089444,-86.36359444,I-70 W,east
41.30969444,-85.08760833,I-69 N,east
41.73151389,-85.75683056,I-80 E,east
39.92635278,-86.25456111,I-465,east
38.98746111,-85.84314722,E County Rd 900 N,east
41.57407778,-87.462225,I-80 E,east
39.01477778,-85.87525833,I-65 N,east
40.89261944,-85.344425,I-69 N,east
41.48870833,-87.32018889,I-65 N,east
39.85876944,-86.0473,I-465,east
37.98055,-87.45444444,I-164 S,east
39.48659444,-86.99902778,I-70 E,east
41.57410556,-87.48347778,I-80 E,east
39.92006389,-86.10763333,I-465 W,east
41.49308333,-94.26348333,I-80 W,east
43.18675833,-93.35597778,I-35 N,east
41.69506944,-92.85768333,I-80 W,east
41.01776111,-95.81184722,I-29 S,east
41.59213056,-93.79918889,I-80 E,east
41.69379444,-91.66161389,I-80 E,east
42.26731111,-96.26507222,I-29 S,east
41.49321111,-94.60943056,I-80 W,east
41.65391111,-93.563425,I-80 E,east
41.232175,-95.86464722,I-80 W,east
41.68648611,-93.16904722,I-80 E,east
42.02778056,-91.67334167,I-380 S,east
40.87002778,-93.80250556,Co Rd J14,east
41.61793056,-90.79000833,I-80 E,east
42.07855833,-96.17433333,I-29 N,east
41.49795556,-95.58314722,I-80 W,east
41.49934444,-95.44886111,Exit 34,east
41.00663056,-95.808125,I-29 S,east
41.49714722,-94.75481667,Exit 70,east
41.69585,-92.218325,I-80 E,east
41.56533889,-90.52231667,I-74 E,east
42.28219167,-92.826425,Co Rd T29/Cord K Ave/K Ave,south
41.742625,-93.57733611,NE 94th Ave,north
41.49868889,-95.44803056,I-80 E,east
41.49317222,-94.66773333,I-80 E,east
42.45439444,-92.30822222,Exit 71A,east
41.45408611,-94.89964444,Troublesome Creek Rd,east
41.65949444,-93.52545278,I-80 W,east
40.59576944,-93.91532778,I-35 N,east
41.52126389,-93.77360278,I-35 N,east
41.69404167,-91.61171667,I-80 E,east
41.76498889,-93.57032222,Route,east
41.19589722,-95.8235,I-29 S and I-29 N,south
41.64956944,-93.64077222,I-80 E,east
43.12965833,-93.35615,I-35 N,east
41.26056667,-95.91642222,I-480 E,east
38.41223889,-96.15208611,I-35 S,east
39.11268056,-100.77733056,I-70 W,east
37.67023333,-97.40203889,I-235 S,east
38.42380556,-96.18221389,I-35 S,east
37.69448333,-97.16797778,I-35 S,east
39.04411944,-94.67596944,I-635 N,east
38.8488,-98.38205278,I-70 W,east
38.12834444,-96.54853889,I-35 S,east
39.06851389,-94.79407222,I-435 N,east
39.10601944,-94.70669722,Muncie Dr,east
38.92309167,-99.42626944,Exit 153,east
38.85895833,-98.11203056,Route,east
39.02398611,-100.16716111,I-70 E,east
37.43643056,-97.3217,I-35 S,east
38.98910278,-94.70240556,I-35 S,east
37.60818056,-97.31088611,I-35 S,east
37.70175,-97.31826667,I-135 S,east
37.69971389,-97.15879444,I-35 S,east
38.66339722,-95.17559167,I-35 S,east
39.17114722,-94.80930833,I-435 N,east
38.62355,-95.23365,Exit 187,east
39.01640833,-94.69376111,I-35 S,east
37.75616944,-97.33931667,I-235 N,east
39.10518889,-94.84406111,I-70 E,east
39.14631944,-94.65518056,Route,east
38.17246389,-97.44408333,I-135 N,east
39.03867778,-95.66613889,I-70 E,east
39.05877222,-95.67562778,I-70 E,east
38.93748333,-94.74306944,I-435 W,east
39.065575,-96.35555833,I-70 W,east
39.02061111,-95.75089167,SW 27th St,east
39.09615278,-94.65281389,Exit 420A,east
39.02221389,-95.13014444,I-70 E,east
39.09847778,-94.60438889,I-670 E,east
39.04747222,-95.77016944,I-470 E,east
38.04099167,-97.32271944,Route,east
39.02156944,-94.78526667,I-435 N,east
39.05004722,-95.81826944,Exit 353,east
38.32354444,-85.55315556,I-71 N,east
38.18991944,-85.74995278,I-264 E,east
37.07154722,-88.11318333,I-24 E/I-66 E/I-69 N,east
38.00968889,-84.17346944,Paris Rd,east
38.12699444,-83.74989444,Route,east
36.69209722,-86.53415556,I-65 N,east
38.78085278,-84.75608889,KY-16 E,east
38.13195833,-85.70353056,I-65 N,east
36.76701111,-84.17008056,I-75 N,east
37.634625,-85.86021389,I-65 N,east
37.86716389,-85.70503333,I-65 N,east
37.18343333,-85.94694722,I-65 N,east
37.58345833,-85.87145833,I-65 N,east
39.03691944,-84.59468333,I-71 N/I-75 N,east
38.23349444,-85.75099444,I-65 S,east
38.38297778,-82.58663056,Old Wv 75,east
36.97848889,-84.11124167,I-75 S,east
37.89913889,-84.35603056,I-75 S,east
38.14765278,-84.58670278,I-64 E,east
38.71508333,-84.60408333,I-75 S,east
38.16999167,-85.15000833,I-64 W,east
39.08340556,-84.52258611,I-71 N/I-75 N,east
37.95076389,-84.38684444,I-75 S,east
37.56754167,-84.31474722,I-75 N,east
38.04694167,-84.42272222,I-75 S,east
37.60056389,-85.86751111,Route,east
37.68337778,-84.31350278,Apple Creek Ln,east
38.18496944,-85.81601111,Exit 8A,east
38.36326111,-82.86008889,Old Wilson Creek Rd,east
37.60100556,-85.867425,I-65 N,east
37.28306667,-85.90832222,I-65 N,east
37.58424167,-85.8712,I-65 N,east
38.18132778,-85.18365278,I-64 E,east
37.71685833,-84.32079722,I-75 N,east
37.02249722,-88.60765556,I-24 E/I-66 E,east
38.18476667,-85.23347778,I-64 E,east
38.02094722,-84.40890278,Market Garden Ln,east
38.47831944,-84.58168056,I-75 S,east
36.86691944,-84.14780556,I-75 N,east
37.05003889,-88.65009722,I-24 E/I-66 E,east
38.18466667,-85.23343611,I-64 E,east
37.03650833,-88.631,KY-994 S/Mayfield Paducah Rd/Old Mayfield Rd and I-24 W/I-66 W,southeast
38.184025,-85.20013333,I-64 E,east
38.22402222,-85.50740833,Exit 19A,east
38.11656389,-85.65293333,I-265 E,east
37.39965278,-84.33826389,I-75 N,east
39.02906667,-84.5372,I-275 E,east
38.12243889,-83.76675278,I-64 W,east
38.26899167,-83.40021389,I-64 E,east
38.76542778,-84.60892778,I-75 N,east
38.76686667,-84.60922778,I-75 N,east
38.22266944,-85.50261667,I-64 W,west
37.08683333,-86.062675,I-65 N,east
38.11398056,-84.51786944,I-64 E,east
39.06210278,-84.46855556,I-471 N,east
36.68656944,-87.41499167,I-24 E,east
37.31668611,-84.29268611,I-75 N,east
30.246875,-92.84929722,I-10 W,east
29.97123611,-90.32426389,I-310 N,east
32.58351944,-93.38511111,I-20 W,east
30.08821111,-90.43675,Exit 209,east
29.97008056,-90.10928056,I-10 E,east
32.56248056,-93.00778889,I-20 W,east
32.5829,-93.39275,I-20 W,east
30.29726944,-91.90881944,I-10 W,east
30.89763056,-90.52756111,I-55 S,east
30.40218056,-92.05736944,I-49 N,east
30.42401944,-91.41568056,I-10 W,east
30.23148056,-92.53236111,I-10 E,east
30.40068889,-91.50683889,Route,east
29.99991389,-90.04194444,I-10 W,east
30.29173889,-89.74716111,I-10 W,east
30.28583056,-89.74948056,I-10 W,east
30.21898056,-90.95458889,I-10 E,east
29.99983056,-90.18195,Route,east
30.19686944,-93.25293056,I-210 W,east
30.0077,-90.21363889,I-10 W,east
30.47886111,-90.40406111,I-12 W,east
30.42275,-91.13616944,I-10 W,east
30.33301389,-91.01701389,I-10 E,east
30.32178056,-91.00556944,I-10 E,east
32.3592,-93.7523,I-49 N and I-49 S,southwest
30.43956111,-91.17905,South Blvd,east
29.991,-90.06243056,I-610 E,east
30.24906944,-89.76266944,I-10 E,east
30.43769167,-92.06953611,I-49 S,east
30.38936944,-91.55006944,I-10 W,east
32.53565,-92.49311944,I-20 W,east
32.44748889,-93.89951111,I-20 W,east
32.46766111,-93.81155,Interstate 20 E,east
32.53981111,-92.56276111,Interstate 20 E,east
30.31194722,-89.77210278,Route,east
30.38620278,-91.07185278,I-10 W,east
30.79946111,-92.20825,I-49 N,east
32.4767,-93.8349,I-220 W,east
30.43368056,-91.38533056,Trinity Plantation Rd,east
32.50958056,-93.74388056,Jones St,east
32.4448,-93.9546,I-20 W,east
30.31398056,-89.82863056,Exit 80,east
30.25761944,-92.02068889,I-10 W,east
32.50973056,-92.21858889,Interstate 20 E,east
30.39065,-89.99826944,I-12 W,east
32.4475,-93.89923056,I-20 W,east
30.47355,-90.81936944,I-12 W,east
30.4246,-90.45103056,I-55 S,east
30.23616111,-92.56681944,I-10 E,east
30.69188889,-92.08103889,I-49 S,east
32.50021111,-92.09573889,Interstate 20 E,east
32.44568056,-93.96946111,Interstate 20 E,east
30.30001944,-89.74355,I-10 E,east
30.44378889,-90.465375,I-55 Frontage Rd,east
31.53136111,-92.95153056,Exit 119,east
30.47626111,-90.60230556,I-12 W,east
32.50318056,-93.74813889,I-20 W,east
32.54238056,-93.56773889,I-20 W,east
30.02958889,-90.33301944,I-10 W,east
30.476,-91.1669,Tecumseh St and Hiawatha St,east
30.3921,-91.5398,I-10 W,east
31.34868056,-92.52696944,I-49 N,east
30.89455,-90.52815,I-55 S,east
30.00566944,-90.02211944,I-10 E,east
30.84928889,-90.53336944,I-55 S,east
30.07318889,-89.92513056,I-10 E,east
30.13441944,-89.8717,I-10 E,east
30.70396111,-90.53266111,I-55 N,east
30.00948889,-90.24553056,I-10 W,east
30.43545,-91.03541111,I-12 W,east
30.47913889,-90.52911111,I-12 W,east
30.44201944,-91.00866944,I-12 W,east
30.34856111,-89.91388889,I-12 W,east
32.35453056,-93.75165,I-49 N,east
30.20805,-90.94556111,I-10 E,east
30.96456111,-90.51616944,I-55 N,east
30.46856944,-92.07758889,I-49 S,east
30.44995556,-91.32169722,I-10 E,east
29.98006111,-90.11325,I-10 W,east
30.31236667,-89.73893056,St Peter St,east
44.78816944,-69.16923611,I-95 N,southeast
46.12655556,-67.83783056,Prospect St,southeast
45.62172222,-68.50799444,I-95 N,southeast
44.91775556,-68.695225,Kirkland Rd,southeast
39.05778333,-76.92652778,I-95 N,east
39.40728333,-76.57685278,Route,east
39.36058056,-77.17569444,I-70 W,east
38.91172222,-76.84985833,I-495 N/I-95 N,east
39.39037222,-76.53539722,I-695 W,east
38.8766,-76.84395833,I-495 S/I-95 S,east
39.30800278,-76.75683889,I-70 W,east
38.85717222,-76.85233611,I-495 N/I-95 N,east
39.44921667,-76.32481111,I-95 S,east
38.83288889,-76.87253889,Penn Belt Pl,east
39.16128056,-76.64457222,I-97 S,east
39.63676111,-78.025675,I-70 E and I-70 W,northwest
39.71948889,-76.65341389,Route,east
39.71042222,-77.74269167,I-81 S,east
39.38148333,-77.26778889,Route,east
39.27352778,-76.72416944,I-695 N,east
39.27056944,-76.62277222,I-395 N,east
38.95373611,-76.72611111,US-50 W,east
39.68803611,-79.19237222,I-68 W,east
38.81811111,-76.90459722,I-495 S/I-95 S,east
39.14620278,-76.84357222,MD-216 W,east
39.41386667,-76.59592778,I-695 W,east
38.99130278,-77.15728333,I-495 N,east
39.38446667,-77.288475,I-70 W,east
39.32626389,-76.47986389,I-695 N,east
39.01998333,-76.93184722,I-495 W/I-95 N,east
39.58578056,-76.09341111,I-95 S,east
39.30813611,-76.94395,MD-99 E/Old Frederick Rd and I-70 W,west
38.95620556,-76.69495556,US-301 S/US-50 W,east
39.50298056,-77.57823889,I-70 E,east
38.86397222,-76.84756389,I-495 S/I-95 S,east
39.25782778,-76.67517222,I-95 N,east
39.17571944,-76.79529167,Benjamin Franklin Dr,east
39.56328611,-77.61540278,I-70 W,east
39.29976667,-76.74362222,Willow Spring Rd,east
39.30720556,-76.77091667,I-70 W,east
39.07662222,-77.16806944,I-270 S,east
39.39623056,-76.66645556,I-83 N,east
39.06274722,-76.64031667,I-97 N,east
39.28060278,-76.47887222,I-695 N,east
39.30679722,-76.93035,Sand Hill Rd,north
39.49213889,-76.66639722,I-83 N,east
39.64690833,-75.84721667,Mars Ave,east
38.97449444,-76.87068056,I-495 N/I-95 N,east
39.35827222,-76.48337222,I-95 S,east
39.64044167,-75.80493889,Route,east
39.30647778,-76.79044444,I-70 E,east
39.30508333,-76.79593611,I-70 W,east
38.950475,-76.75183889,US-50 W,east
39.01396944,-77.04647778,Coleridge Dr,east
38.94695833,-76.82496389,US-50 E,east
39.37568056,-76.74643333,Route,east
39.33313889,-77.37511111,I-270 S,east
39.37952778,-77.25091667,I-70 E,east
39.11342778,-77.18996944,Interstate 270 N,east
38.80353889,-76.99696667,Exit 3B,east
39.29069444,-76.50209722,I-695 N,east
39.41194444,-76.66178889,I-83 N,east
39.01641111,-77.01128333,I-495 E,east
41.72591111,-70.77469722,Route,east
42.36691667,-71.26865278,Sibley Rd,east
42.8345,-70.91185556,I-95 S,east
42.09847778,-72.58941667,I-91 S,east
42.55990833,-71.14179722,North St,east
42.3949,-71.60658056,I-495 N,east
42.61756111,-71.29233889,I-495 S,east
42.333025,-71.575025,Hildreth St,east
42.33315,-71.57536667,Hildreth St,east
42.25839167,-71.79449444,Water St,east
42.31933611,-71.72218333,I-290 E,east
41.74839167,-71.216725,Route,east
42.32694167,-71.25055556,I-95 N,east
42.68558611,-71.20387778,I-93 N,east
42.32729167,-71.33339444,Commonwealth Rd,east
42.32641111,-71.33418611,I-90 W,east
41.95906389,-71.06606111,I-495 N,east
42.758175,-70.94028889,Route,east
42.72802222,-71.20457778,Pelham St,east
42.59886944,-71.28203611,Billerica Ave,east
42.50359722,-71.11935,I-93 N,east
42.19112222,-71.86456667,I-90 W,east
41.74915556,-71.21798333,I-195 E,east
42.19986111,-71.83800833,I-90 W,east
41.96945,-71.29601944,I-95 S,east
41.7773,-71.2728,Summer St,east
42.50345,-71.72035,Central St/Monument Square,east
42.83371667,-70.97935278,MA-110 E/E Main St,east
42.012625,-71.23291944,I-495 N,east
41.68133611,-70.81420833,Foster St,east
42.14575,-83.24180278,I-75 N,east
42.67709444,-83.241375,I-75 S,east
42.86931944,-83.59248056,I-75 N,east
43.24819722,-83.77334167,Route,east
42.52378333,-82.91351667,Interstate 94 W,east
42.38735833,-83.43701111,Golfview Ln,east
42.54853611,-83.79020833,I-96 W,east
42.26903611,-84.54852778,I-94 E,east
46.453825,-84.38358333,I-75 N,south
42.21068889,-85.87139444,I-94 E,east
42.18129444,-86.23239722,I-94 E,east
41.76691111,-83.48111667,I-75 S,east
42.97093056,-83.68183056,I-475 N,east
42.35787778,-83.05231667,I-75 N,east
43.14471944,-83.76365556,I-75 S,east
42.455125,-82.92323333,Interstate 94 W,east
42.382725,-83.35771667,I-96 E,east
43.49553056,-83.93392778,I-675 S,east
42.26198333,-84.64726944,Exit 127,east
44.86324444,-84.69441944,Route,south
42.40686111,-83.07708889,I-75 S,east
42.85081389,-83.58986111,I-75 S,east
42.29271389,-84.06570833,Interstate 94 W,east
43.01900278,-83.59273333,I-69 E,east
42.23902778,-83.43973056,Walden Dr W,east
43.53249722,-83.94379444,I-75 N,east
42.29792778,-85.06238611,Interstate 94 W,east
42.38393333,-83.31604167,I-96 E,east
42.64655556,-84.08000556,Woodlawn Ln,east
42.52158611,-82.91712222,Interstate 94 W,east
42.26908333,-85.52167778,River St,east
43.25,-83.77475833,I-75 N,east
42.98550833,-83.73203056,S Linden Rd,east
42.83495556,-85.90511389,I-196 W,east
42.46570278,-82.91913611,E 9 Mile Rd,east
42.68985,-83.24907222,I-75 N,east
43.03130278,-83.35185556,Route,east
42.45196111,-84.94543056,I-69 N,east
42.29066389,-83.83584444,Route,east
42.38616389,-83.02009722,I-94 E,east
42.96629167,-83.72542222,S Linden Rd,east
42.37536389,-86.26194722,I-196 S,east
44.85408889,-84.70308889,N Sherman Rd,east
42.37635556,-83.06155556,I-75 S,east
42.44696667,-82.91680833,I-94 E,east
42.678125,-84.44267778,I-96 E,east
42.02761944,-83.29511111,I-75 N,east
42.05095,-83.27096389,I-75 N,east
42.68267222,-83.24290833,I-75 S,east
42.98963056,-83.73865,I-75 S,east
42.37917222,-83.20304167,Interstate 96 Express W/Jeffries Fwy,east
42.29069167,-84.26503889,I-94 E,east
42.56881389,-82.85852222,Route,east
42.49429444,-83.39359167,I-696 W,east
42.97531667,-85.67756389,US-131 N,east
43.439,-83.89065556,I-75 N,east
42.36056111,-83.07498611,Interstate 94 W,east
42.29684722,-83.99188056,Interstate 94 W,east
42.30675,-83.10575556,I-75 N,east
42.06581944,-83.25575556,I-75 N,east
43.79311667,-84.02273056,I-75 N,east
42.62616667,-84.00511389,N Burkhart Rd,east
43.01963889,-85.63661944,Exit 33,east
42.12973333,-86.37557222,Interstate 94 W,east
42.28357222,-84.80577778,26 Mile Rd,east
42.81873056,-84.80760556,I-96 W,east
42.34775556,-83.10707222,Interstate 94 W,east
42.95866111,-83.68271111,I-475 S,east
42.91261667,-83.66838889,I-75 N,east
42.45461944,-83.09575,I-75 S,east
42.08910556,-86.40999167,I-94 E,east
42.29708333,-83.93033889,I-94 E,east
42.64014167,-83.23938611,Exit 77A,east
42.26098056,-83.28968611,I-94 E,east
42.37851111,-83.06300556,I-75 S,east
42.28341111,-84.82237778,26 Mile Rd,east
42.01428056,-86.53273889,Interstate 94 W,east
42.03024722,-86.51575,Interstate 94 W,east
42.43908611,-83.429275,W 8 Mile Rd,west
42.25937222,-83.29218611,I-94 E,east
42.42442222,-83.09282778,I-75 N,east
42.230125,-83.37675833,I-94 E,east
45.67250278,-84.66604444,I-75 N,south
42.66027778,-84.56036667,I-96 E,east
42.66058056,-84.56225278,I-96 E,east
43.01080278,-83.74796111,I-75 N,east
45.20242778,-84.62126667,I-75 N,south
42.26921667,-84.60224444,Interstate 94 W,east
42.38308889,-83.34341389,I-96 E,east
42.92626389,-83.68891389,I-75 S,east
42.55066667,-83.79510278,I-96 E,east
42.37903889,-83.43698333,Golfview Ln,east
42.67182222,-82.82395278,I-94 E,east
42.34768056,-83.09759167,I-96 E,east
45.06733333,-93.44771111,I-494 S,south
45.49789167,-94.24038333,I-94 E,south
43.63762222,-96.11713889,I-90 E,east
43.64900556,-93.79101389,I-90 E,east
45.0095,-93.2828,I-94 E,south
45.07391389,-93.44619444,I-494 S,south
44.89290833,-93.27561111,I-35W S,east
44.74186389,-93.28298889,I-35W S,east
44.97101389,-93.45985833,US-12 E,south
44.87462778,-93.05491389,I-494 E,east
43.60865,-96.35233611,Co Hwy 6,east
44.97475278,-93.28649444,Route,south
44.96464722,-93.286425,Interstate 94 W,south
44.96460556,-93.232575,27th Ave S,south
44.90293611,-93.13745,Route,east
45.06653333,-93.17021111,I-694 E,east
44.966025,-93.268475,Interstate 94 W,south
45.16148056,-93.03113889,I-35E N,south
44.86164444,-93.15098333,I-494 E,east
44.64221944,-93.29643889,I-35 N,east
44.96443333,-93.23828333,Interstate 94 W,south
44.75239167,-93.28606111,Route,east</b>
45.79339444,-92.99015278,I-35 N,south
43.63724722,-95.81113333,I-90 E,east
44.59259722,-93.29801389,I-35 N,east
44.95180278,-93.14758333,Interstate 94 W,east
46.438775,-96.23416389,Interstate 94 W,south
45.12899722,-93.04714722,I-35E S,south
46.6988,-92.384025,I-35 N,south
32.31861944,-90.87748889,Pemberton Square Blvd,east
32.34280556,-88.78519444,Route,east
31.72101389,-90.44666389,I-55 S,east
30.58613056,-89.62586389,I-59 N,east
30.43339167,-88.89510278,Route,east</b>
32.29536667,-90.27113889,Interstate 20 E,east
31.52115556,-90.47876389,I-55 N,east
31.52181389,-90.47876389,I-55 N,east
31.90503056,-89.0196,I-59 N,east
34.7928,-89.96746944,I-55 S,east
31.49909167,-89.31047778,Sanford Rd,east
31.39658056,-89.31927778,I-59 N,east
31.86673333,-90.41198611,I-55 N,east
31.19578889,-90.48419167,I-55 S,east
30.45651667,-88.48397222,I-10 E,east
34.72873889,-89.96373611,I-55 S,east
31.32882222,-89.35215,I-59 N,east
32.55570278,-90.08525,I-55 S,east
34.99301944,-90.00214444,I-55 N/I-69 N,east
32.35346389,-90.63621944,Mallet Rd,east
30.34710278,-89.45815,I-10 E,east
31.25294722,-89.33236667,Millpond Dr,east
32.29337222,-90.23285833,MS-18 E,east
31.07793056,-89.38588056,I-59 N,east
32.30280556,-90.16663056,Gillespie St,east
32.40087222,-90.175525,I-220 N,east
30.44145833,-89.05024167,I-10 E,east
30.43256944,-89.09430278,I-10 W,east
31.041425,-90.49768889,Elarton Rd,east
32.83546111,-90.050125,I-55 N,east
31.36176389,-89.34189444,I-59 N,east
31.49053056,-90.47803333,I-55 N,east
30.45395833,-88.85397222,Cheyenne St,east
33.482875,-89.76406111,S Vine St,east
32.33986944,-89.13791667,Interstate 20 E,east
33.94393056,-89.86679167,I-55 S,east
33.05989722,-89.90661667,I-55 N,east
34.61042778,-89.94863056,I-55 N,east
34.33238056,-89.91623056,Route,east
31.21258056,-89.33090556,I-59 N,east
30.33543611,-89.50801944,I-10 W,east
32.28796667,-90.23049722,Exit 42A,east
31.19018889,-89.34150833,Harold Tucker Rd,east
32.28934444,-90.24440278,I-20 W,east
30.46480278,-89.69221111,I-59 N,east
30.43579722,-88.63495,Valentine Rd,east
32.38713611,-88.61456389,Route,east
32.35299167,-90.74359444,I-20 W,east
32.28089167,-88.80120278,I-59 N,east
30.44608611,-89.02298889,I-10 W,east
31.12267778,-89.37408611,I-59 N,east
31.73989444,-89.08690278,Yates Ave,east
31.54972222,-90.4796,I-55 N,east
33.380125,-89.77099444,I-55 S,east
31.75325,-89.07235278,I-59 S,east
30.45478611,-88.81128611,I-10 W,east
31.14215556,-90.48015833,I-55 N,east
37.20741667,-93.39247222,I-44 W,east
40.31044444,-94.01163889,I-35 N,east
38.77595278,-90.39398333,I-270 S,east
38.94074722,-94.59306389,I-435 E,east
36.17644444,-89.69333333,I-155 W,east
38.80508333,-90.82983333,Route,east
38.678375,-90.20870278,I-70 W,east
37.82371944,-92.15456667,I-44 E,east
39.12189167,-94.49305833,I-435 S,east
38.77277778,-90.30805556,I-270 W,east
38.95580833,-94.52798056,I-435 S,east
39.12021667,-94.56509167,I-29 S/I-35 S,east
39.52727778,-94.27952778,I-35 N,east
38.79611111,-90.57444444,I-70 E,east
36.08155556,-89.80552778,I-55 N,east
37.0325,-94.52111111,I-44 W,east
36.06097222,-89.83091667,I-55 S,east
39.10661389,-94.57408056,I-35 S/I-70 W,east
39.07676389,-94.53687778,I-70 W,east
38.68812222,-90.2503,I-70 Express,east
39.04196389,-94.50008056,I-435 S,east
37.424925,-89.63768333,I-55 N,east
37.38319444,-92.90266667,Co Rd 156/Plank School Rd,east
38.87761111,-91.38552778,I-70 E,east
38.94361111,-91.88166667,I-70 W,east
38.54111111,-90.30222222,I-55 N,east
39.18508611,-94.59673333,I-29 S,east
38.62941389,-90.22280556,Exit 38B,east
37.94511111,-91.91252778,Route,east
38.77916667,-90.51527778,I-70 W,east
38.97813889,-93.44369444,I-70 W,east
37.83277778,-89.98430556,I-55 N,east
39.25653889,-94.65853056,I-29 N,east
37.13916667,-89.53666667,I-55 N,east
38.96472222,-94.35861111,I-470 N,east
39.07861667,-94.49050278,I-435 N,east
38.95277778,-92.07505556,I-70 E,east
39.31052778,-94.57713889,Route,east
37.08641667,-93.81786111,I-44 W,east
38.99027778,-94.35777778,I-470 S,east
39.01446389,-94.49700278,I-435 N,east
38.55431944,-90.26123056,Idaho Ave/Robert Ave,east
38.60903889,-90.21218611,I-55 S,east
38.96123889,-92.28113611,I-70 E,east
39.28498889,-94.51066111,I-435 S,east
38.26611111,-91.11083333,Route,east
38.63183889,-90.18625556,N 4th St,east
37.25036111,-93.32683333,I-44 W,east
38.80722222,-90.91722222,I-70 E,east
39.02861111,-94.25888889,I-70 E,east
39.09638889,-94.48883611,Route,east
39.91552778,-94.90425,I-29 S,east
38.95877778,-92.18638889,Route,east
38.77161111,-90.29197222,Cheri Heights Ct,east
37.94163889,-91.948,I-44 W and I-44 E,west
37.09597222,-93.79855556,I-44 E,east
38.93583333,-94.44555556,Route,east
38.68267222,-90.23670556,I-70 E,east
38.70908333,-90.33436111,I-170 S,east
38.57591667,-90.37728889,S Berry Rd,east
39.20638889,-94.76055556,I-435 N,east
37.00870556,-94.55406667,I-44 W,east
38.05444444,-91.44777778,I-44 W,east
38.80861111,-90.88083333,I-70 E,east
37.759,-92.51330556,I-44 W,east
36.00825,-89.87466667,I-55 N,east
37.01114444,-94.54479444,I-44 W,east
37.44508611,-89.64765,I-55 S,east
37.17083333,-89.5375,I-55 S and I-55 N,south
38.95191667,-91.968,I-70 E and I-70 W,east
38.93651389,-94.451825,I-470 E,east
38.94944444,-93.03241667,I-70 W,east
38.66833333,-90.57861111,I-64 E,east
38.79861111,-90.60694444,I-70 E,east
37.07808333,-94.09083333,I-44 W,east
37.07808333,-94.09083333,I-44 W,east
39.09630556,-94.57639722,I-670 W,east
38.52432222,-90.39703333,Exit 3,east
38.59655556,-90.216,Arsenal St,east
38.54577778,-90.42902778,I-44 E,east
38.55267778,-90.42065556,Route,east
38.95341667,-92.09577778,I-70 W,east
38.609975,-90.20975556,I-55 N,east
45.68644167,-111.01686667,I-90 E,southeast
46.06429167,-112.77272778,I-90 E,southeast
45.89156111,-111.85386667,I-90 W,southeast
45.90134722,-112.21718333,I-90 W,southeast
45.64808056,-110.87312778,I-90 W,southeast
46.25516667,-106.77190556,Interstate 94 W,south
46.79606944,-105.23806389,I-94 E,south
46.03976111,-107.79956389,Interstate 94 W,southeast
47.52616944,-111.385425,I-15 S,southeast
45.52353611,-112.70819444,I-15 S,southeast
45.91013056,-112.3148,I-90 W,southeast
46.8788,-113.89793333,I-90 W,southeast
45.64681944,-110.59622778,Bruffey Ln,southeast
45.90593611,-111.80084167,I-90 W,southeast
45.75314722,-108.50508889,I-90 W,southeast
45.14748056,-107.37288333,I-90 E,southeast
45.23507222,-112.63950833,Lovers Leap Rd,southeast
47.31165278,-115.21023056,I-90 E,southeast
45.766375,-108.48764167,I-90 W,southeast
47.47733056,-111.35369444,I-15 S,southeast
45.81081667,-108.33147778,I-90 W,southeast
46.75297778,-105.37915556,Interstate 94 W,south
45.87635833,-111.92806111,I-90 W,southeast
46.85145,-105.12155833,Interstate 94 W,south
45.87768056,-111.41049444,I-90 W,southeast
46.25124167,-106.79976667,I-94 E,south
46.61000556,-113.02894167,I-90 E,southeast
46.59069167,-111.999625,Route,southeast
46.70338889,-113.38108611,Route,southeast
46.02152778,-107.842925,Interstate 94 W,southeast
47.23208889,-115.00229444,I-90 W,southeast
45.60146111,-109.13205833,Shane Creek Rd,southeast
47.07884444,-104.50921667,MT-16 N,south
46.00579167,-112.59107778,I-15 N/I-90 E,southeast
40.67386944,-99.16603056,I-80 W,east
41.09487778,-100.66223056,I-80 W,east
41.24438611,-96.08591111,I-680 S,east
40.91013889,-96.48811389,I-80 E,east
41.26322778,-95.95124167,I-480 E,east
40.95617778,-96.41155278,I-80 W,east
41.11505556,-100.837325,I-80 E,east
41.20035556,-103.74046389,I-80 W,east
40.76816944,-99.82040278,Route,east
40.81991389,-98.38291111,Route,east
40.6909,-99.56565556,Dr 749,east
41.23244444,-96.08634722,Route,east
41.06823056,-101.96218056,I-80 E,east
40.72759444,-99.70504444,I-80 E,east
41.15063611,-96.15303056,I-80 E,east
41.05262222,-100.53468611,I-80 E,east
41.23721944,-95.95360833,I-480 E,east
40.827075,-98.34013611,Co Rd 8/S Locust St,east
40.90739444,-100.14896111,I-80 E,east
41.0578,-100.56077778,Maranatha Rd,east
40.68191389,-98.96488056,I-80 E,east
40.89360556,-96.55940833,I-80 E,east
40.669675,-99.14135,W 18th St,east
36.04170833,-115.18095278,I-15 S,east
40.92816111,-114.33330556,I-80 E,east
36.77615,-114.14915556,I-15 S,east
40.61649444,-116.89747222,I-80 W,east
36.33302222,-114.92026944,I-15 N,east
36.03671944,-115.18093333,I-15 S,east
39.63666944,-119.18244444,I-80 E,east
39.58908889,-119.39830278,I-80 E,east
36.61606111,-114.623575,I-15 S,east
39.52863056,-119.78393056,I-580 N,east
36.29201667,-115.00061389,I-15 N,east
36.11802222,-115.18042778,I-15 N,east
40.69753611,-116.54911667,I-80 E,east
36.08732222,-115.18085833,I-15 S,east
36.203225,-115.34139444,Clark County 215 S,east
41.00545833,-115.41893056,Route,east
39.59106389,-119.38325,I-80 E,east
40.472775,-118.284725,I-80 E and I-80 W,south
40.94443611,-117.48333056,Route,east
40.85916111,-115.73963889,5th St,east
36.11112222,-115.18083333,I-15 S,east
40.125,-118.52830833,I-80 W,east
39.61758056,-119.27745556,I-80 E,east
36.524325,-114.73189722,I-15 N,east
40.81888611,-115.81415833,I-80 W,east
39.82274444,-118.98705833,I-80 W,east
40.75903333,-117.08711389,I-80 E,east
39.90435833,-118.83391111,Willow Lake Dike Rd,east
36.06455,-115.18554167,Exit 12A,east
40.67658056,-116.62659444,Route,east
42.78559167,-71.26353611,Telfer Cir,east
43.292975,-71.57384722,I-93 N,east
42.88209722,-70.88234167,Route,east
43.77572778,-71.68059722,I-93 N,southeast
43.06841667,-71.47173056,I-93 S,east
43.80517222,-71.67493333,I-93 S,southeast
43.02598333,-70.826625,I-95 S,east
43.21300278,-71.53373056,I-93 N,east
42.75353611,-71.22046111,I-93 N,east
42.95540833,-71.44063333,I-293 N,east
43.82765833,-71.65684167,I-93 S,southeast
43.82759722,-71.65646667,I-93 N,southeast
40.86701944,-74.03138889,Railroad Ave,east
40.709,-74.18511944,I-78 E,east
40.55036389,-74.27628056,Green St,east
40.91081944,-74.53061111,I-80 E,east
39.87887778,-75.01159167,I-295 N,east
39.98941111,-74.87453889,New Jersey Turnpike N,east
40.68413056,-74.16661111,I-95 S,east
40.8983,-74.22835278,I-80 W,east
40.47699444,-74.40655,I-95 S,east
40.57598889,-74.24732222,I-95 N,east
39.87146944,-75.02765,I-295 S,east
40.92600833,-74.96283333,Delaware Rd,east
40.7606,-74.21105,S Arlington Ave,east
40.7541,-74.10930556,I-95 N,east
40.90105,-74.15078889,I-80 E,east
40.59894167,-74.23215278,Exit 12,east
40.19558889,-74.67538889,I-195 E,east
40.86321944,-74.01246944,I-95 S,east
40.71311111,-74.31241944,Interstate 78 Express W,east
40.57416111,-74.56605,I-287 N,east
40.67113333,-75.10560833,I-78 E,east
40.65176944,-74.78308056,I-78 E,east
40.58658889,-74.61410833,Prince Rodgers Ave,east
40.91721111,-74.80841944,I-80 W,east
40.64409722,-74.64276667,Route,east
40.64665,-74.50246944,Geiger Ln,east
40.6474,-74.84197778,I-78 W,east
40.40171944,-74.45181111,I-95 N,east
39.73981389,-75.39388056,I-295 S,east
40.090975,-74.75359444,I-295 N,east
39.98435,-74.89055,I-295 N,east
40.70943056,-74.26085,I-78 W,east
40.75125278,-74.18589167,1st St,east
40.844,-74.01791111,I-95 S,east
40.70666389,-74.06086667,I-78 E,east
40.16133889,-74.42723056,Stoney Brook Dr,east
40.37429167,-74.4637,I-95 N and I-95 S,south
40.59720556,-74.62553611,Donald Dr N,east
40.77248889,-74.23993056,I-280 E,east
40.35705833,-74.47039722,I-95 N,east
39.83143056,-75.21561111,Mantua Ave,east
40.91039167,-74.55748889,I-80 E,east
40.56063333,-74.26234167,I-95 S,east
40.90166667,-74.08694444,I-80 E,east
40.06495,-74.79323056,I-295 N,east
40.91056111,-74.55456111,I-80 W,east
41.08333333,-74.16888889,W Airmount Rd,east
40.89908056,-74.62888889,I-80 E,east
40.83416667,-74.00916667,Broad Ave,east
39.94671111,-75.11443056,I-676 N,east
40.35166944,-74.47456111,Route,east</b>
39.93125,-74.97079167,I-295 S,east
40.78083056,-74.24263056,I-280 W,east
40.54308889,-74.5311,I-287 N,east
40.965425,-75.11775833,I-80 W,east
39.89138889,-74.995,New Jersey Turnpike N,northeast
40.1054,-74.30096111,Ambassador Ct,east
40.6493,-74.20098056,I-95 S,east
40.54091667,-74.30925,I-95 N,east
39.84411111,-75.18548889,I-295 N,east
40.24221111,-74.70155,Deerwood Dr,east
40.27518889,-74.69115,I-295 S,east
39.87131944,-75.02881944,I-295 S,east
36.01203333,-104.707775,I-25 S,east
35.56773611,-105.80071111,I-25 S,east
36.01161667,-104.70623056,NM-120 E,east
34.60446111,-106.78710833,I-25 S,east
35.52028056,-105.24928056,US-84 W,east
35.108675,-106.65596111,Indian School Rd NW,east
35.401225,-106.43571944,I-25 S,east
32.31216111,-108.60749167,Route,east
35.33193333,-106.52355278,I-25 S,east
35.09794444,-107.80373889,Route,east
33.47834722,-107.22089722,I-25 S,east
36.01168611,-104.70648889,NM-120 E,east
35.12664722,-106.62231389,Yale Blvd NE,east
35.53433611,-108.66009167,Route,east
35.09345,-107.78176667,Route,east
32.34790833,-108.74448611,Route,east
35.38981944,-108.19344444,I-40 E,east
35.48067778,-108.64361111,Co Rd 16/Coal Mine Rd/Indn Service Route 7048,east
35.06647778,-107.63345,Daasrka Rd/Indian Service Route 351,east
32.898975,-107.314625,NM-187 S and I-25 N,northwest
32.89832778,-107.31453889,I-25 S,east
34.931,-106.71608611,I-25 N,east
32.31541667,-108.62363611,Route,east
35.49847778,-108.50734444,I-40 E,east
35.11142778,-107.814725,Route,east
34.98006667,-104.886475,I-40 Frontage Rd,east
35.50305556,-106.28765,Route,east
35.01503056,-106.64815278,Broadway Blvd SE,east
35.3901,-108.19370278,I-40 E,east
36.03881944,-104.70253611,I-25 S,east
35.0798,-106.40783056,I-40 W,east
35.12490556,-107.83120556,I-40 E,east
34.94855556,-104.68871944,N 8th St,east
32.24765278,-107.14141944,I-10 W,east
34.93055,-106.71540556,I-25 N,east
35.16533333,-107.88613611,Cactus Dr,east
35.08895556,-107.78176667,Route,east
35.00350833,-107.27639444,Route,east
34.99361389,-105.36698611,I-40 E,east
35.52986667,-108.79192778,Hopi St,east
35.09315556,-104.07073889,I-40 E,east
34.118325,-106.91314444,I-25 S,east
35.10945278,-106.63442222,Menaul Blvd NE,east
34.96656389,-104.75185,4 G,east
35.53230556,-108.64946111,I-40 E,east
35.37772222,-109.02666389,I-40 W,east
35.37793333,-109.02675,I-40 W,east
32.23288889,-108.063775,I-10 W,east
35.07973056,-106.40783056,I-40 W,east
32.39032778,-106.80633056,Co Rd E078,east
35.07965833,-106.40783056,I-40 E,east
32.23736667,-108.48148333,Route,east
34.97341944,-104.93424167,I-40 E,east
36.45464167,-104.59356389,Route,east
34.96431389,-104.86720833,Co Rd 4 B,east
35.07965833,-106.40791389,I-40 E,east
34.95530833,-104.73537222,I-40 E,east
35.43705278,-106.37530833,I-25 S,east
35.13613889,-107.84768611,I-40 E,east
35.07965833,-106.40774444,I-40 E,east
35.56474444,-105.22309167,I-25 N,east
35.13838333,-107.84219167,I-40 W,east
34.99586389,-106.01243333,Martinez Rd,east
35.0057,-105.93297222,I-40 W,east
34.00516111,-106.888425,Cam Luis Lopez,east
35.16784722,-103.61296389,NM-278/State Route 88,east
32.66820833,-107.08373611,Co Rd E009,east
42.32603056,-77.30980278,I-86 E,east
43.09949444,-73.75346111,I-87 S,east
40.73618611,-73.85672778,I-495 E,east
40.69152778,-73.99909722,I-278 E,east
41.02155556,-73.72781667,Westchester Ave,east
40.82396944,-73.93111944,I-87 S,east
41.05866944,-73.816275,N Central Ave/N Saw Mill River Rd,east
40.73083611,-73.87490278,I-495 W,east
43.00071111,-78.84963611,I-290 E,east
40.80550833,-73.91031389,Bruckner Blvd,east
43.0664,-76.16410278,Danforth St,east
43.16682778,-73.71395,I-87 N,east
42.15679722,-79.57048611,I-86 W,east
40.76903611,-73.91056667,I-278 W,east
42.16012778,-75.85041389,I-88 W,east
43.00690556,-76.13139167,Route,east
42.82165278,-73.768475,Lapp Rd and I-87 S,south
42.33345278,-77.32733056,I-86 W,east
43.00409444,-78.82468056,I-290 E,east
43.004075,-78.82463611,I-290 E,east
42.64305833,-73.80268611,I-87 S,east
43.87874444,-73.75153611,I-87 N,southeast
42.26565556,-77.21788056,I-86 E,east
42.48198333,-73.67983333,New York State Thruway Berkshire Connector,east
42.44597778,-77.47159444,I-390 N,east
40.80495,-73.91114444,I-278 E,east
41.35606389,-74.67094722,I-84 W,east
42.95968889,-76.91013333,I-90 W,east
40.79003056,-73.36944444,I-495 W,east
40.78343333,-73.5912,I-495 E,east
41.53826667,-73.77400833,I-84 E,east
40.80568056,-73.24536667,I-495 E,east
41.45324444,-74.60738056,US-209 N,east
41.78993611,-74.24800833,US-209 S,east
40.65052778,-74.011675,45th St,east
43.12396389,-75.58132222,I-90 W,east
40.83128056,-73.854375,I-95 N,east
41.418225,-73.78454444,Taconic State Parkway,east
40.69960556,-73.99648056,Furman St,east
41.54732778,-73.727225,I-84 E,east
40.61968611,-74.02377222,Gatling Pl,east
43.15728611,-77.64286389,Campbell St,east
40.78557778,-73.53258889,I-495 W,east
41.51343889,-74.047875,Route,east
40.60774167,-74.14143056,I-278 W,east
40.82807778,-73.84115556,Cross Bronx Expy,east
42.18510278,-77.13296389,I-86 E,east
41.06065,-73.85053056,I-287 E/I-87 S,east
40.73568611,-73.92527222,I-495 E,east
43.15764444,-77.66338611,I-490 W,east
40.69718889,-73.814,Atlantic Ave,southeast
40.73875,-73.90169167,I-278 E,east
40.84446111,-73.90310556,Route,east
40.86175,-73.91247222,Route,east
40.73188056,-73.91892222,I-495 E,east
43.08479444,-77.60607222,I-390 N,east
43.94804722,-73.74048333,I-87 N,southeast
40.76694167,-73.78142778,I-295 N,east
42.72882778,-73.79303611,Lear Jet Ln,east
42.72357222,-74.23119444,I-88 E,east
42.19451111,-75.65934167,I-88 E,east
40.81360833,-73.79524167,I-295 S,east
40.84571111,-73.82604167,I-95 S,east
35.79609444,-78.58589167,Yonkers Rd,east
35.50693611,-78.31488056,Route,east
35.81824722,-80.86086667,Shumaker Dr,east
36.04882222,-79.864875,I-40 W,east
36.29845556,-78.57507778,I-85 N,east
35.24225556,-80.94451944,Business Center Dr/S I - 85 Service Rd,east
35.91366111,-80.60917778,I-40 E,east
35.23832778,-82.20477222,Route,east
35.75205833,-78.69542222,I-40 W,east
35.93041389,-80.57785,I-40 E,east
35.22448333,-80.85980278,I-277 N,east
36.33891389,-77.69273889,I-95 N,east
35.25387222,-80.98151111,I-85 N,east
35.93826667,-79.90759722,I-85 N,east
35.27757778,-80.80821944,N Graham St,east
35.91129722,-78.72390833,Route,east
35.30426944,-78.59112778,Sensation Ln,east
35.84780556,-80.12839722,I-85 N,east
35.27337222,-80.84358333,I-85 S,east
35.27039444,-80.859375,I-85 S,east
35.81405556,-80.83532222,Route,east
36.04271389,-79.11237778,E Queen St,east
35.43448333,-82.53122778,Merrills Chase Rd,east
36.54863889,-80.74453333,I-74 W/I-77 N,east
35.74557222,-78.59267222,I-40 W,east
35.79095278,-78.74591111,I-40 W,east
35.95464722,-79.003125,I-40 W,east
36.05763333,-79.0774,I-85 S,east
35.18352222,-80.89204167,Pressley Rd,east
35.58941111,-82.57830556,I-240 E/Interstate 26 W,east
36.03216389,-79.81146944,I-40 W,east
36.06462222,-79.38119167,E Gilbreath St,east
36.06800556,-79.49252222,Longpine Rd,east
34.58094722,-79.14298333,Exit 13 A-b,east
35.78509722,-77.99905278,I-95 S,east
35.91008056,-80.61636667,I-40 E,east
36.09280556,-77.80698333,I-95 S,east
36.01318056,-79.82607778,US-220 N,east
34.788925,-78.99449444,Oakland Rd,east
34.78906667,-78.99449444,Oakland Rd,east
35.85554444,-78.82027222,Perimeter Park Dr,east
35.78278333,-78.74913333,I-40 W,east
36.01331944,-79.82650556,US-220 N and US-220 S,south
35.82266667,-78.61551944,I-440 E,east
35.27653056,-80.80839167,Exit 40,east
35.27831944,-81.225525,I-85 S,east
36.08659444,-79.97888889,I-40 E,east
35.09121944,-80.87478611,Interstate 485 Inner,east
35.09911944,-80.87624722,Kilmory Terrace,east
35.66401111,-78.08645556,I-95 N,east
35.49675,-78.34266944,West St,east
35.44320833,-80.61975,Moreland Ave,east
35.8532,-78.80251944,Route,east
35.54816667,-78.56789167,Sanders Rd,east
34.52644722,-79.27124722,Mckinnon-Pate Rd,east
35.35965,-82.45915278,I-26 E,east
35.24378333,-80.89843056,I-85 S,east
35.32451667,-80.74796944,I-85 S,east
35.36804167,-78.547025,I-95 S,east
35.93095,-79.92124444,I-85 N,east
35.78510833,-78.51440278,I-540 E,east
35.98534167,-79.87761389,Sedgehill Ct,east
46.8771,-97.028,I-94 E,south
46.91488056,-96.83926111,I-29 N,south
46.8479,-100.9152,Interstate 94 W,south
45.9926,-96.8357,I-29 N,south
46.6179,-96.8261,167th Ave SE,south
46.8041,-96.839,I-29 S and I-29 N,south
46.8637,-101.6912,Interstate 94 W,south
39.97248333,-82.982825,I-670 E,east
41.41711389,-81.67734167,I-480 W,east
40.21734722,-84.20133056,I-75 S,east
39.28515278,-84.42100556,Park 42 Dr,east
39.93225,-82.85373611,I-270 N,east
39.88245833,-83.94863056,OH-4 E,east
41.42464444,-81.86822778,I-480 W,east
41.40733056,-81.64095,I-480 W,east
39.23878333,-84.76722778,I-74,east
39.27053611,-84.44074722,Glendale Milford Rd,south
39.75200833,-84.20531389,I-75 S,east
40.14596389,-84.21846944,Garbry Rd,east
40.04746111,-83.12788056,I-270 S,east
41.38305556,-81.65288056,I-77 S,east
39.97866667,-82.98995,I-670 W,east
41.11052778,-81.25290833,I-76 W,east
40.2226,-82.92943889,I-71 N,east
39.83042222,-84.73214167,I-70 W,east
41.41664722,-81.67678333,I-480 W,east
39.23488611,-84.45055278,I-75 S,east
41.63671111,-81.38221389,Russellhurst Dr,east
39.93238056,-82.93064167,I-70 W,east
39.85491389,-84.31189722,I-70 E,east
39.98632778,-82.98574444,E 5th Ave,east
40.60548611,-84.15416944,I-75 N and I-75 S,northeast
41.06078056,-81.56850833,I-77 S,east
39.97586944,-82.99810278,I-670 W,east
40.86376944,-81.42815,I-77 N,east
41.118225,-80.69432222,I-680 N,east
39.84518611,-83.99356944,OH-444 S,southwest
41.24606944,-81.25791944,I-80 E,east
40.57758889,-81.51851944,I-77 N,east
41.38861111,-83.05305556,I-80 E,east
39.97944444,-82.96777778,I-670 W,east
39.10355556,-84.5004,I-471 N,west
41.00327778,-81.96135556,I-71 S,east
41.28694722,-81.63663611,I-77 S,east
41.42219167,-81.58541667,I-480 W,east
39.97054167,-84.19063611,Floral Acres Dr,east
41.06139444,-81.54958333,I-76 W,east
41.46971111,-81.81243889,Route,east
39.95040833,-82.71826944,I-70 E,east
41.12589444,-81.65279722,I-77 N,east
41.12721111,-80.74933889,I-80 W,east
39.18915833,-84.48134444,I-75 S,east
41.47010556,-81.74909722,I-90 W,east
41.42373056,-81.58155833,Broadway Ave,east
41.41338056,-81.60678889,I-480 W,east
39.90251111,-83.06781944,I-270 W,east
39.54601389,-83.75306944,I-71 S,east
41.69025278,-83.52198333,I-75 S,east
39.71365833,-84.22496667,E River Rd and I-75 S,northeast
41.83021111,-80.74629167,Daly Rd,east
40.84896111,-82.26786944,I-71 S,east
40.11228056,-83.02797222,I-270 W,east
41.59247778,-83.69058889,I-475 N,east
40.05981111,-81.05335278,I-70 E,east
41.10043889,-80.97730556,I-76 W,east
39.13951389,-84.53490278,I-75 S,east
39.94192222,-83.01123611,I-71 N,east
41.0635,-81.49111111,I-76 W,east
39.97472222,-83.08222222,N Hague Ave,east
39.94580556,-82.84609722,I-270 S,east
41.68747778,-83.54979444,I-75 S,east
39.95489167,-81.53144167,I-77 N,east
39.94731944,-82.65203611,Route,east
39.94725278,-82.649975,US-40 E/National Rd SW and I-70 W,west
41.03948333,-81.50501389,I-77 S,east
41.44542222,-81.77948056,I-71 S,east
39.19674167,-84.47310556,I-75 S,east
39.86475556,-84.02326667,I-70 W,east
39.58960833,-84.24087778,I-75 N,east
40.16191944,-84.22278056,S Downing St,east
39.9325,-82.82555556,I-70 E,east
41.5984,-84.00915833,I-80 E,east
41.02141667,-83.68386389,I-75 N,east
40.89254167,-82.183175,I-71 N,east
40.87988889,-81.43246389,Cheryl Lane Street Northwest,east
40.08216389,-82.90638333,OH-161 E,east
39.77180556,-84.19150556,Riverside Dr,east
41.68430556,-83.56857778,I-75 N,east
41.46998333,-81.740675,I-90 E,east
40.07001389,-80.86078889,Ebbert South Rd,east
39.51778056,-81.45196944,I-77 S,east
39.904375,-83.08026667,I-270 E,east
41.10606944,-81.09288611,I-76 E,east
39.85338056,-84.36937222,N Diamond Mill Rd,east
41.31128889,-81.64856667,I-77 N,east
41.60590833,-84.45038611,I-80 E,east
40.87695278,-81.43100556,I-77 N,east
39.200225,-84.46891944,I-75 N,east
41.54163333,-83.61218611,I-75 S,east
39.90813056,-82.89175278,I-270 N,east
39.49241944,-84.32495833,Route,east
41.14423333,-80.67761667,Churchill Rd,east
40.11586944,-81.55951944,I-77 S,east
41.04034167,-80.630775,Market St,east
39.68747778,-84.2291,I-75 N,east
40.75498611,-84.07537778,I-75 N,east
39.25261944,-84.32424722,I-275 E,east
39.14328611,-84.47007778,I-71 S,east
39.96767778,-82.84398889,I-270 S,east
39.89351944,-83.82029167,I-70 W,east
39.931525,-82.91365278,I-70 E,east
39.94102778,-82.23543889,I-70 E,east
35.38399444,-96.800975,I-40 E,east
35.40289444,-97.29413056,I-240 E,east
35.43031944,-95.91547222,I-40 E,east
35.81220556,-97.41619167,Crest Dr,east
35.50677778,-98.93380556,I-40 E,east
35.20382778,-97.47975556,I-35 N,east
36.20914444,-95.70062778,I-44 E,east
36.92599722,-94.74080556,I-44 E,east
35.67630278,-97.41806389,I-35 N,east
35.89299167,-96.32361111,I-44 E,east
35.46525556,-97.54761111,S Pennsylvania Ave,east
35.38393611,-96.79636111,I-40 E,east
35.49040833,-99.005925,I-40 E,east
35.45834444,-95.54370278,I-40 E,east
35.45014444,-97.57035833,I-44 E,east
34.49866389,-97.16880278,I-35 N,east
35.28467222,-97.599875,I-44 E,east
35.23125833,-99.96361667,I-40 E,east
35.38587222,-97.49493333,I-35 N,east
35.39356111,-94.612975,I-40 E,east
34.71131944,-98.39745556,I-44 E,east
35.96998611,-96.21805833,I-44 E,east
36.09661944,-97.34500278,Co Rd 60/E0600 Rd,east
34.41679444,-97.13705278,I-35 S and I-35 N,south
35.39785278,-96.39225556,N3740 Rd,east
35.46236389,-97.51220833,Compress St,east
35.39852778,-96.39068889,N3740 Rd,east
35.408025,-99.38264444,I-40 E,east
35.52930833,-98.48105556,I-40 E,east
35.51613056,-98.90407778,I-40 E,east
35.11290833,-97.43936944,I-35 N,east
36.00311389,-97.34975556,I-35 N,east
36.159,-95.92001389,I-244 E,east
35.52221389,-98.79081667,I-40 E,east
35.15865556,-97.795575,I-44 E,east
35.49186111,-97.46519167,I-35 N,east
35.78856111,-97.41576667,Crest Dr,east
35.82951667,-97.40443611,Crest Dr,east
35.14431111,-97.81281389,I-44 E,east
36.62622778,-95.14208333,I-44 E,east
34.74085278,-98.37466944,I-44 E,east
35.39304722,-97.49495556,I-35 N,east
35.45774722,-95.63176667,I-40 W,east
35.27093333,-97.61763611,I-44 E,east
35.48961944,-95.08349722,I-40 E,east
34.67361667,-97.22531389,I-35 N,east
35.23425,-97.6866,I-44 E,east
35.529525,-98.135175,I-40 E,east
35.53021944,-98.52971944,I-40 E,east
36.15905833,-95.92180556,I-244 E,east
35.45198056,-97.48841667,I-35 N,east
35.42606389,-97.57583889,I-44 E,east
35.38992222,-96.84828333,I-40 E,east
36.41836389,-97.32684444,Route,east
36.08973889,-95.99701667,I-44 E,east
35.51182778,-98.92308333,I-40 E,east
35.85253056,-96.37818333,I-44 E,east
35.45838056,-97.45581667,Scott St,east
35.52220278,-98.78903889,I-40 E,east
36.16180556,-95.88291111,I-244 E,east
36.18299167,-97.32833611,I-35 N,east
36.12286111,-95.88323611,I-44 E,east
36.16278889,-95.74745278,I-44 E,east
35.42263333,-99.26782778,I-40 W and I-40 E,east
35.50100833,-97.81629167,I-40 E,east
35.38533056,-96.49403056,I-40 E,east
